ID,full name,spec_T,spec_B,spec_BD,Diameter,pV_s,epV_s,pV,Pmin,ePmin,h,eh,a0,ea0,amin,eamin,R_UV,eR_UV,R_07,eR_07,R_27,eR_27,R_31,eR_31,OE,b,Gamma,eGamma,ref_R_07,ref_R_27,ref_Phot,Pmin_flag,R_07_flag,Geem
,,,,,(km),,,,(%),(%),(%.deg-1),(%.deg-1),(deg),(deg),(deg),(deg),,,,,,,,,(mag),(mag.deg-1),(J.m-2.K-1.s-0.5),(J.m-2.K-1.s-0.5),,,,,,
1,1 Ceres (A801 AA),G,C,C,939.4,0.0936,0.0023,0.09,-1.61,0.01,0.241,0.004,18.11,0.04,7.29,0.06,0.7823,0.0069,1.0063,0.0036,0.862,0.012,0.885,0.0002,,,25.0,10.0,"ECAS, SMASS",Usui18,,,,
10,10 Hygiea (A849 GA),C,C,C,407.12,0.067,0.007,0.0717,-1.45,0.02,0.225,0.003,18.16,0.05,7.49,0.12,0.8536,0.0146,1.007,0.0044,0.822,0.016,0.941,0.0002,0.18,0.044,50.0,25.0,"ECAS, SMASS",Usui18,Bel00,,,
13,13 Egeria (A850 VA),G,Ch,Ch,202.64,0.074,0.007,0.049,-2.03,0.14,,,21.21,0.38,,,0.749,0.008,,,0.595,0.016,0.971,0.0002,,,,,"For14, ECAS, SMASS",Usui18,,,-1.0,
19,19 Fortuna (A852 QA),G,Ch,Ch,200.0,0.052,0.005,0.037,-1.83,0.02,0.241,0.009,21.59,0.14,8.93,0.11,0.774,0.044,0.9698,0.0039,,,,,,,40.0,15.0,"ECAS, SMASS",,,,,1.0
24,24 Themis (A853 GA),C,B,C,198.0,0.059,0.006,0.067,-1.57,0.04,0.308,0.011,20.17,0.22,10.0,0.12,0.8795,0.0104,1.0011,0.0056,0.896,0.032,0.881,0.0005,0.19,0.04,,,"ECAS, SMASS",Usui18,Bel00,,,1.0
31,31 Euphrosyne (A854 RA),C,Cb,C,267.08,,,0.053,-1.34,0.02,0.265,0.01,19.78,0.22,9.78,0.09,,,0.9981,0.0037,0.8637,0.0456,,,,,,,SMASS,Takir12,,,,
34,34 Circe (A855 GA),C,Ch,Ch,132.99,,,0.023,-1.44,0.04,,,,,11.31,0.25,0.856,0.039,0.9771,0.0063,0.8685,0.0675,,,,,,,"ECAS, SMASS",Takir12,,,,
35,35 Leukothea (A855 HA),C,C,,103.06,,,0.066,-1.55,0.03,0.293,0.007,20.81,0.13,10.33,0.08,0.887,0.031,,,,,,,,,,,"ECAS, SMASS",,,,-1.0,
36,36 Atalante (A855 TA),C,,Ch,132.84,,,0.029,-1.71,0.02,0.299,0.005,22.57,0.16,11.22,0.09,,,,,0.7851,0.0682,,,,,,,,Takir12,,,,
38,38 Leda (A856 AA),C,Cgh,Cgh,92.26,,,0.055,-2.07,0.08,0.36,0.024,21.13,0.49,10.19,0.52,0.8175,0.0149,0.9771,0.0053,,,,,,,,,"ECAS, SMASS",,,,,
41,41 Daphne (A856 KA),C,Ch,Ch,205.5,0.0609,0.0015,0.059,-1.74,0.03,0.301,0.007,20.89,0.13,9.89,0.26,0.821,0.02,0.9905,0.0102,0.8142,0.1059,0.9178,0.0529,,,50.0,,"ECAS, SMASS",Takir15,,,,1.0
45,45 Eugenia (A857 MA),FC,C,C,202.33,,,0.045,-1.16,0.04,0.266,0.011,16.52,0.17,8.09,0.25,0.9655,0.0212,1.0173,0.0038,,,,,,,45.0,40.0,"ECAS, SMASS",,,,,
46,46 Hestia (A857 QA),P,Xc,Xc,131.47,0.053,0.005,0.046,-1.51,0.06,0.27,0.026,18.05,0.32,7.95,0.5,0.9581,0.0166,1.0151,0.0031,0.877,0.044,0.896,0.0007,,,,,"ECAS, SMASS",Usui18,,,,
47,47 Aglaja (A857 RA),C,B,C,168.17,0.0596,0.0015,0.082,-1.4,0.02,0.249,0.01,18.09,0.16,8.05,0.16,0.9197,0.0196,0.9988,0.0031,,,,,0.12,0.042,,,"ECAS, SMASS",,Bel00,,,
48,48 Doris (A857 SA),CG,Ch,Ch,216.47,,,0.065,-2.05,0.02,,,,,11.57,0.08,0.807,0.018,0.9705,0.002,0.765,0.0365,,,,,,,"For14, ECAS, SMASS",Takir12,,,,
49,49 Pales (A857 SB),CG,Ch,Ch,166.25,,,0.048,-1.87,0.03,0.304,0.012,21.34,0.13,9.31,0.22,0.763,0.046,0.9683,0.0055,0.701,0.031,0.997,0.0005,,,,,"ECAS, SMASS",Usui18,,,,1.0
50,50 Virginia (A857 TA),X,Ch,Ch,84.07,,,0.05,-1.75,0.03,,,,,,,0.849,0.048,,,0.761,0.046,0.997,0.0005,0.11,0.043,,,"ECAS, SMASS",Usui18,Bel00,,-1.0,
51,51 Nemausa (A858 BA),CU,Ch,Cgh,138.16,0.097,0.0024,0.1,-1.96,0.03,0.271,0.005,20.32,0.11,8.39,0.18,0.7189,0.0104,0.9743,0.0063,0.534,0.029,0.936,0.0003,,,,,"ECAS, SMASS",Usui18,,,,
52,52 Europa (A858 CA),CF,C,C,303.92,,,0.057,-1.28,0.02,,,,,9.74,0.22,0.938,0.016,,,0.945,0.032,0.94,0.0002,,,10.0,10.0,"ECAS, SMASS",Usui18,,,-1.0,
53,53 Kalypso (A858 GA),XC,,,97.26,,,0.028,-1.63,0.02,,,20.56,0.08,10.21,0.04,,,,,,,,,,,,,,,,,,
54,54 Alexandra (A858 RA),C,C,Cgh,160.12,0.068,0.007,0.059,-1.95,0.03,0.324,0.017,21.82,0.18,10.46,0.36,0.869,0.019,,,0.7387,0.0528,,,,,10.0,10.0,"ECAS, SMASS",Takir12,,,-1.0,1.0
56,56 Melete (A857 RB),P,Xk,Xc,121.33,0.052,0.005,0.057,-1.39,0.04,0.27,0.008,20.2,0.21,10.04,0.11,0.903,0.019,,,0.8,0.038,0.937,0.0004,,,,,"ECAS, SMASS",Usui18,,,-1.0,
58,58 Concordia (A860 FA),C,Ch,Ch,106.52,0.052,0.005,0.044,-1.88,0.03,,,21.41,0.37,10.57,0.19,0.85,0.051,0.9757,0.0022,,,,,,,,,"For14, ECAS, SMASS",,,,,1.0
59,59 Elpis (A860 RA),CP,B,,165.12,,,0.044,-1.14,0.02,0.232,0.01,19.05,0.13,9.42,0.14,0.93,0.019,1.0032,0.0093,,,,,0.07,0.043,,,"ECAS, SMASS",,Bel00,,,
62,62 Erato (A860 RD),BU,Ch,C,106.92,,,0.048,-1.72,0.08,0.323,0.029,20.06,0.24,9.83,0.41,0.877,0.021,0.9963,0.0051,,,,,,,,,"ECAS, SMASS",,,,-1.0,
65,65 Cybele (A861 EB),P,Xc,Cb,237.26,,,0.0706,-1.42,0.02,,,19.78,0.23,9.77,0.07,0.9551,0.0159,,,0.993,0.028,0.887,0.0004,,,25.0,20.0,"ECAS, SMASS",Usui18,,,-1.0,
66,66 Maja (A861 GA),C,Ch,Ch,71.82,,,0.016,-1.81,0.04,0.323,0.011,21.8,0.16,10.8,0.14,0.843,0.028,0.9624,0.0006,,,,,,,,,"For14, ECAS, SMASS",,,,,1.0
70,70 Panopaea (A861 JA),C,Ch,Cgh,127.91,0.057,0.006,0.038,-1.81,0.05,0.348,0.015,20.27,0.17,10.06,0.13,0.826,0.018,0.9822,0.0047,,,,,,,,,"ECAS, SMASS",,,,,1.0
72,72 Feronia (A861 KA),TDG,,D,74.97,,,0.083,-1.84,0.05,0.266,0.02,26.2,0.36,12.93,0.34,,,,,,,,,,,,,,,,,,
74,74 Galatea (A862 QA),C,C,C,118.71,,,0.0431,,,,,,,,,,,1.0263,0.0095,,,,,,,,,SMASS,,,,,
76,76 Freia (A862 UA),P,X,C,145.42,,,0.058,-1.08,0.03,,,,,10.35,0.24,0.892,0.024,1.0074,0.002,0.8771,0.0763,,,0.16,0.047,,,"ECAS, SMASS",Takir12,Shev08,,,
78,78 Diana (A863 EA),C,Ch,Ch,120.6,0.067,0.007,0.0706,-1.58,0.03,0.284,0.005,21.94,0.07,10.9,0.06,0.854,0.026,0.978,0.0005,,,,,,,,,"For14, ECAS, SMASS",,,,,
81,81 Terpsichore (A864 SA),C,Cb,C,117.73,,,0.045,-1.4,0.11,,,,,9.29,0.33,0.878,0.036,1.0065,0.0051,0.85,0.046,0.971,0.0006,,,,,"ECAS, SMASS",Usui18,,,,
84,84 Klio (A865 QA),G,Ch,Ch,79.16,0.057,0.006,0.0527,,,,,,,,,,,0.9841,0.0048,,,,,,,,,SMASS,,,,,
85,85 Io (A865 SA),FC,B,C,154.79,0.0543,0.0014,0.0666,-1.28,0.03,0.237,0.004,19.06,0.07,8.93,0.1,0.956,0.0122,0.9934,0.0022,,,,,,,,,"ECAS, SMASS",,,,,
86,86 Semele (A866 AA),C,,Ch,109.93,,,0.056,-1.54,0.08,,,,,,,0.8599,0.0191,0.9711,0.0127,,,,,,,,,ECAS,,,,,
87,87 Sylvia (A866 KA),P,X,X,253.05,0.04,0.004,0.046,-1.08,0.02,,,,,,,0.9319,0.0135,1.0099,0.0022,0.949,0.033,0.956,0.0004,,,70.0,60.0,"ECAS, SMASS",Usui18,,,,
88,88 Thisbe (A866 LA),CF,B,C,232.0,,,0.0671,-1.35,0.03,0.273,0.008,19.17,0.08,9.47,0.19,0.9521,0.017,,,,,,,,,60.0,25.0,"ECAS, SMASS",,,,-1.0,
90,90 Antiope (A866 TA),C,C,C,115.97,,,0.058,-1.41,0.06,0.273,0.016,20.27,0.17,10.04,0.11,0.8903,0.0169,1.0216,0.0036,,,,,,,,,"ECAS, SMASS",,,,,
91,91 Aegina (A866 VA),CP,Ch,Cgh,103.4,,,0.048,-1.56,0.02,0.283,0.008,21.59,0.14,10.71,0.09,,,0.986,0.0032,0.7803,0.0702,0.8818,0.088,0.17,0.039,19.0,19.0,SMASS,Takir15,Bel00,,,1.0
93,93 Minerva (A867 QA),CU,C,C,154.16,,,0.056,-1.22,0.03,0.249,0.008,18.99,0.14,9.38,0.14,0.9111,0.0168,,,,,,,,,25.0,10.0,"ECAS, SMASS",,,,-1.0,
94,94 Aurora (A867 RA),CP,C,,204.89,0.0446,0.0025,0.0395,-1.24,0.08,,,18.71,0.57,8.86,0.78,0.9221,0.0173,1.0015,0.0041,0.962,0.029,0.971,0.0003,,,,,"ECAS, SMASS",Usui18,,,,
95,95 Arethusa (A867 WA),C,Ch,Ch,147.97,0.061,0.006,0.058,,,0.316,0.01,21.06,0.14,,,0.8513,0.012,0.97,0.0018,,,,,,,,,"For14, ECAS, SMASS",,,,,1.0
96,96 Aegle (A868 DA),T,T,T,177.77,,,0.048,-1.55,0.02,,,,,10.45,0.1,,,1.0245,0.0035,,,,,,,,,SMASS,,,,,
98,98 Ianthe (A868 HA),CG,Ch,,132.79,,,0.029,-1.52,0.04,,,,,,,0.82,0.036,0.9765,0.0046,0.8097,0.0385,0.9209,0.0315,,,,,"ECAS, SMASS",Takir15,,,,
99,99 Dike (A868 KA),C,Xk,Xc,67.35,,,0.065,-2.16,0.05,0.355,0.01,23.8,0.26,11.8,0.14,0.862,0.02,,,,,,,,,35.0,19.0,"ECAS, SMASS",,,,-1.0,1.0
102,102 Miriam (A868 QA),P,C,Cgh,82.6,,,0.051,-1.49,0.04,0.282,0.008,20.82,0.1,10.34,0.07,0.869,0.029,1.004,0.0055,,,,,0.1,0.044,,,"ECAS, SMASS",,Bel00,,,
104,104 Klymene (A868 RB),C,Ch,,136.55,,,0.052,-1.65,0.04,,,,,12.06,0.37,0.886,0.029,0.9642,0.0057,0.8818,0.1018,,,,,,,"ECAS, SMASS",Takir12,,,,
105,105 Artemis (A868 SA),C,Ch,Ch,94.86,0.057,0.006,0.032,-1.57,0.07,0.268,0.003,20.36,0.15,,,0.883,0.0317,0.9865,0.0052,,,,,0.24,0.037,,,"ECAS, SMASS",,Shev02,,,1.0
106,106 Dione (A868 TA),G,Cgh,Cgh,207.87,0.0775,0.0019,0.044,-1.83,0.03,,,21.1,0.14,10.43,0.12,0.7568,0.0139,0.9811,0.0083,0.64,0.034,0.951,0.0004,,,,,"ECAS, SMASS",Usui18,,,,
107,107 Camilla (A868 WA),C,X,Xk,210.37,,,0.059,-1.34,0.15,,,,,,,0.894,0.018,1.0087,0.0083,0.8632,0.0726,,,,,25.0,10.0,"ECAS, SMASS",Takir12,,,,
109,109 Felicitas (A869 TA),GC,Ch,,82.59,0.0592,0.0015,0.036,,,0.262,0.024,20.57,0.79,,,0.7931,0.0139,0.9648,0.0056,,,,,,,40.0,40.0,"ECAS, SMASS",,,,,
111,111 Ate (A870 PA),C,Ch,Ch,126.34,,,0.062,,,0.31,0.021,20.92,0.24,,,0.8457,0.0163,0.9755,0.0038,,,,,,,,,"ECAS, SMASS",,,,,1.0
112,112 Iphigenia (A870 SA),DCX,Ch,Ch,69.82,,,0.042,,,,,,,,,,,0.9921,0.0051,,,,,,,,,SMASS,,,,,
117,117 Lomia (A871 RB),XC,X,C,208.97,,,0.027,-1.18,0.09,,,,,10.64,0.34,0.9287,0.0284,1.0122,0.0071,,,,,,,,,"ECAS, SMASS",,,,,
120,120 Lachesis (A872 GB),C,C,C,155.13,,,0.058,-1.47,0.04,,,18.65,0.38,,,0.848,0.017,1.0131,0.0055,0.8589,0.1323,,,,,,,"ECAS, SMASS",Takir12,,,,
121,121 Hermione (A872 JA),C,Ch,Ch,209.0,0.069,0.007,0.0482,-1.71,0.16,,,,,11.28,1.07,0.839,0.018,0.9773,0.0043,0.752,0.025,0.963,0.0003,,,35.0,30.0,"ECAS, SMASS",Usui18,,,,
127,127 Johanna (A872 VB),CX,Ch,Ch,122.0,,,0.042,-1.59,0.08,,,,,11.35,0.36,,,0.9876,0.0055,0.768,0.085,0.963,0.0011,0.21,0.043,,,SMASS,Usui18,Bel00,,,
128,128 Nemesis (A872 WA),C,C,C,162.51,0.062,0.006,0.067,-1.49,0.01,0.264,0.009,19.75,0.07,9.25,0.22,0.876,0.02,1.0234,0.0041,0.809,0.022,0.966,0.0003,,,,,"ECAS, SMASS",Usui18,,,,1.0
130,130 Elektra (A873 DA),G,Ch,Ch,180.65,,,0.086,-1.92,0.05,,,,,10.25,0.15,0.771,0.013,,,0.631,0.0957,,,0.23,0.043,35.0,30.0,"ECAS, SMASS",Takir12,Bel00,,-1.0,
134,134 Sophrosyne (A873 SA),C,Ch,,108.0,0.039,0.001,0.0364,-1.53,0.03,0.297,0.006,20.42,0.09,10.15,0.05,0.9031,0.0148,0.9814,0.0023,,,,,,,,,"For14, ECAS, SMASS",,,,,
137,137 Meliboea (A874 HA),C,,Ch,128.68,,,0.065,-1.66,0.05,,,20.65,0.28,10.22,0.11,0.8812,0.024,0.9756,0.0198,,,,,,,,,ECAS,,,,,
139,139 Juewa (A874 TA),CP,X,,151.12,0.059,0.006,0.052,-1.32,0.05,0.257,0.008,20.35,0.1,10.11,0.07,,,1.0001,0.0063,,,,,,,,,SMASS,,,,,
140,140 Siwa (A874 TB),P,Xc,Xc,109.79,,,0.0676,-1.46,0.06,0.245,0.013,22.23,0.24,10.82,0.36,,,1.03,0.0051,0.994,0.029,0.982,0.0003,,,,,SMASS,Usui18,,,,
141,141 Lumen (A875 AA),CPF,Ch,Ch,117.92,0.0493,0.0027,0.067,-1.68,0.03,0.307,0.006,21.42,0.08,,,,,0.976,0.004,,,,,,,,,SMASS,,,,,
142,142 Polana (A875 BA),F,B,C,54.81,,,0.047,-1.06,0.04,0.248,0.009,16.56,0.15,8.2,0.15,1.034,0.0226,1.0072,0.003,,,,,,,,,"ECAS, SMASS",,,,,1.0
143,143 Adria (A875 DA),C,Xc,X,95.38,,,0.044,,,,,,,,,,,1.0213,0.0035,,,,,,,,,SMASS,,,,,
144,144 Vibilia (A875 LA),C,Ch,Cgh,142.38,,,0.0597,-1.7,0.05,0.318,0.008,21.01,0.15,10.43,0.12,0.839,0.015,0.9724,0.0031,,,,,,,,,"ECAS, SMASS",,,,,1.0
145,145 Adeona (A875 LB),C,Ch,Ch,127.78,,,0.061,-1.92,0.04,0.348,0.008,21.57,0.1,10.71,0.1,0.865,0.016,0.9868,0.0061,0.711,0.06,0.872,0.0011,,,,,"ECAS, SMASS",Usui18,,,,
146,146 Lucina (A875 LC),C,Ch,Cgh,160.31,,,0.036,,,,,,,,,0.846,0.021,0.9856,0.0034,,,,,0.17,0.046,,,"ECAS, SMASS",,Bel00,,,
147,147 Protogeneia (A875 NA),C,C,C,132.93,,,0.0492,-0.99,0.11,,,,,10.19,0.89,0.892,0.069,1.0081,0.0051,,,,,,,,,"ECAS, SMASS",,,,,1.0
150,150 Nuwa (A875 UA),CX,Cb,C,119.13,,,0.052,-1.26,0.02,0.262,0.011,18.88,0.31,9.35,0.13,,,0.9982,0.0054,,,,,,,,,SMASS,,,,,
153,153 Hilda (A875 VC),P,X,X,170.63,0.07,0.007,0.0618,-1.11,0.02,,,,,9.4,0.33,0.9904,0.0115,1.0094,0.0048,0.973,0.045,0.946,0.0007,,,,,"ECAS, SMASS",Usui18,,,,
154,154 Bertha (A875 VD),,C,C,192.61,,,0.044,-1.28,0.03,,,19.61,0.4,,,,,0.999,0.004,,,,,,,,,SMASS,,,,,
155,155 Scylla (A875 VE),XFC,,,39.6,,,0.027,,,,,,,,,,,,,,,,,,,20.0,10.0,,,,,,
156,156 Xanthippe (A875 WA),C,Ch,Ch,143.35,,,0.03,,,,,,,,,0.873,0.015,0.975,0.0013,,,,,,,,,"For14, ECAS, SMASS",,,,,
159,159 Aemilia (A876 BA),C,Ch,Ch,125.24,,,0.064,-1.8,0.16,,,,,,,0.845,0.016,0.9782,0.0033,,,,,,,50.0,50.0,"ECAS, SMASS",,,,,
160,160 Una (A876 DA),CX,C,Xc,81.24,,,0.0625,,,,,,,,,,,1.0093,0.0059,,,,,,,,,SMASS,,,,,
162,162 Laurentia (A876 HB),STU,Ch,Ch,97.02,,,0.051,-1.55,0.04,,,,,10.34,0.76,,,0.9809,0.0043,,,,,,,,,SMASS,,,,,1.0
163,163 Erigone (A876 HC),C,Ch,Ch,81.58,,,0.033,-1.57,0.04,0.29,0.008,21.32,0.1,10.57,0.08,,,0.9814,0.0041,,,,,,,,,SMASS,,,,,
164,164 Eva (A876 NA),CX,X,Xc,100.25,,,0.029,,,,,,,,,,,1.015,0.0083,,,,,,,,,SMASS,,,,,
165,165 Loreley (A876 PA),CD,Cb,C,180.08,,,0.047,-1.27,0.07,0.198,0.024,19.24,0.19,8.08,0.66,,,1.0001,0.0038,,,,,0.1,0.043,,,SMASS,,Bel00,,,
168,168 Sibylla (A876 SA),C,Ch,Ch,145.37,,,0.056,-1.96,0.11,,,,,,,0.796,0.0195,0.9806,0.0037,,,,,,,,,"ECAS, SMASS",,,,,
171,171 Ophelia (A877 AB),C,C,C,130.81,,,0.076,,,,,,,,,0.8951,0.017,1.0112,0.0046,,,,,,,,,"ECAS, SMASS",,,,,
173,173 Ino (A877 PA),C,Xk,Xc,125.82,,,0.096,-1.33,0.14,0.25,0.019,19.29,0.66,9.51,0.8,0.879,0.018,1.034,0.0035,0.909,0.022,0.961,0.0003,,,,,"ECAS, SMASS",Usui18,,,,1.0
175,175 Andromache (A877 TA),C,Cg,Cg,94.53,,,0.094,-1.48,0.13,0.205,0.012,18.28,0.18,,,,,1.0211,0.0103,,,,,,,,,SMASS,,,,,
176,176 Iduna (A877 TB),G,Ch,Ch,106.98,,,0.065,-1.87,0.08,,,,,,,,,0.9803,0.0106,,,,,,,,,SMASS,,,,,1.0
177,177 Irma (A877 VA),C:,Ch,,69.05,,,0.022,,,,,,,,,,,0.9635,0.0105,,,,,,,,,SMASS,,,,,
185,185 Eunike (A878 EA),C,C,C,160.46,,,0.062,-1.39,0.05,0.25,0.014,19.44,0.19,,,0.898,0.016,1.0019,0.0026,0.945,0.05,0.864,0.0008,,,,,"ECAS, SMASS",Usui18,,,,
187,187 Lamberta (A878 GB),C,Ch,Ch,147.29,,,0.044,,,,,,,,,0.8748,0.0141,0.9868,0.0056,0.8144,0.1018,,,,,,,"ECAS, SMASS",Takir12,,,,
190,190 Ismene (A878 SA),P,X,,159.0,,,0.066,-1.43,0.14,,,,,,,0.9357,0.016,1.0023,0.0032,0.9102,0.0574,,,0.03,0.047,,,"ECAS, SMASS",Takir12,Shev08,,,
191,191 Kolga (A878 SB),XC:,Cb,Cb,94.54,,,0.046,-1.24,0.09,,,19.34,0.63,,,,,1.0051,0.0061,,,,,,,,,SMASS,,,,,
194,194 Prokne (A879 FA),C,C,Cgh,161.67,,,0.057,-1.78,0.04,0.306,0.012,21.0,0.19,9.91,0.49,0.845,0.017,0.9993,0.0061,,,,,,,,,"ECAS, SMASS",,,,,
195,195 Eurykleia (A879 HA),C,Ch,,93.11,,,0.051,,,,,,,,,0.833,0.016,0.9771,0.0027,,,,,,,15.0,15.0,"ECAS, SMASS",,,,,
199,199 Byblis (A879 NA),,X,D,76.13,,,0.107,-1.09,0.06,,,,,,,,,1.0061,0.0055,,,,,,,,,SMASS,,,,,
200,200 Dynamene (A879 OA),C,Ch,Ch,128.3,,,0.053,-1.81,0.02,,,21.19,0.07,10.53,0.04,0.865,0.015,0.9751,0.0024,,,,,,,,,"ECAS, SMASS",,,,,
205,205 Martha (A879 TB),C,Ch,Ch,76.98,,,0.061,-1.67,0.07,,,,,,,,,0.9847,0.0026,,,,,,,,,SMASS,,,,,
206,206 Hersilia (A879 TC),C,C,C,113.0,,,0.057,,,,,,,,,0.846,0.014,1.008,0.0051,,,,,,,,,"ECAS, SMASS",,,,,
207,207 Hedda (A879 UA),C,Ch,Ch,57.88,,,0.058,-1.58,0.03,,,,,10.71,0.26,,,0.9934,0.0033,,,,,,,,,SMASS,,,,,1.0
209,209 Dido (A879 UC),C,Xc,C,179.01,,,0.028,-1.11,0.09,,,,,,,0.921,0.024,,,,,,,,,,,"ECAS, SMASS",,,proxy,-1.0,1.0
210,210 Isabella (A879 VA),CF,Cb,Cb,86.65,0.0733,0.004,0.0436,-1.07,0.03,0.242,0.008,16.18,0.14,7.75,0.31,0.95,0.012,1.0053,0.0037,,,,,,,,,"ECAS, SMASS",,,,,
211,211 Isolda (A879 XA),C,Ch,Cgh,141.12,,,0.062,,,,,,,,,0.846,0.0151,0.9797,0.0076,0.8126,0.0268,0.9603,0.0265,0.23,0.044,,,"ECAS, SMASS",Takir15,Bel00,,,
213,213 Lilaea (A880 DA),F,B,C,82.1,,,0.092,-1.97,0.03,0.299,0.008,18.4,0.16,7.59,0.13,1.062,0.025,0.9979,0.0031,,,,,,,,,"ECAS, SMASS",,,,,
217,217 Eudora (A880 QA),X,,,65.39,,,0.049,-0.83,0.05,,,,,,,,,,,,,,,,,,,,,,,,
220,220 Stephania (A881 KA),XC,,,31.74,,,0.055,-1.48,0.07,,,,,,,,,,,,,,,,,4.0,4.0,,,,,,
222,222 Lucia (A882 CA),BU,,,55.35,,,0.128,-1.74,0.03,,,,,9.46,0.35,0.88,0.025,1.0022,0.0212,,,,,,,,,ECAS,,,,,
223,223 Rosa (A882 EA),X,,D,79.81,,,0.02,,,,,,,,,0.904,0.028,1.0107,0.0093,,,,,,,,,ECAS,,,,,
225,225 Henrietta (A882 HA),F,,,95.93,,,0.062,-1.03,0.02,0.225,0.005,18.08,0.11,,,0.986,0.023,1.0103,0.0195,,,,,,,,,ECAS,,,,,
227,227 Philosophia (A882 PA),,,,123.89,,,0.065,-1.6,0.04,,,,,9.53,0.24,,,,,,,,,,,125.0,90.0,,,,,,
229,229 Adelinda (A882 QB),BCU,,,105.91,,,0.035,,,,,,,,,0.927,0.028,0.9894,0.0264,,,,,,,,,ECAS,,,,,
232,232 Russia (A883 BA),C,,,54.73,,,0.031,,,,,,,,,0.876,0.016,0.9917,0.0119,,,,,,,,,ECAS,,,,,
233,233 Asterope (A883 JA),T,K,Xk,99.67,,,0.094,,,,,,,,,0.8166,0.0158,,,,,,,,,,,"ECAS, SMASS",,,,-1.0,1.0
238,238 Hypatia (A884 NA),C,Ch,,155.66,0.0465,0.0012,0.039,-1.59,0.05,,,21.84,0.24,10.82,0.12,0.808,0.019,,,,,,,,,,,"For14, ECAS, SMASS",,,,-1.0,1.0
240,240 Vanadis (A884 QB),C,C,Cgh,87.93,,,0.031,-1.57,0.06,,,,,11.36,0.46,0.872,0.035,0.9963,0.0055,,,,,,,,,"ECAS, SMASS",,,,,1.0
241,241 Germania (A884 RA),CP,B,,168.9,,,0.0575,-1.32,0.02,,,19.17,0.28,9.48,0.09,0.964,0.033,0.994,0.003,,,,,,,,,"ECAS, SMASS",,,,,
247,247 Eukrate (A885 EB),CP,Xc,C,130.94,,,0.064,-1.24,0.02,0.242,0.005,19.97,0.14,9.88,0.12,,,1.0428,0.0058,,,,,,,,,SMASS,,,,,
248,248 Lameia (A885 LA),,,,50.12,0.05,0.0028,0.062,,,,,,,,,,,,,,,,,,,,,,,,,,
253,253 Mathilde (A885 VA),,Cb,,52.8,0.036,0.002,0.0436,-1.44,0.06,0.297,0.01,18.93,0.38,9.42,0.27,,,1.0087,0.0051,,,,,,,,,SMASS,,,,,
256,256 Walpurga (A886 GA),,,,66.63,,,0.05,-1.69,0.08,,,,,,,,,,,,,,,,,,,,,,,,
257,257 Silesia (A886 GB),SCTU,Ch,,72.66,,,0.0545,-1.66,0.07,,,,,11.79,1.05,,,,,,,,,,,,,,,,,,1.0
259,259 Aletheia (A886 MA),CP,X,,174.32,0.035,0.004,0.043,-1.19,0.06,0.238,0.014,19.52,0.51,9.65,0.18,,,1.0138,0.0022,,,,,,,,,SMASS,,,,,
261,261 Prymno (A886 UA),B,X,Xk,50.01,,,0.137,-1.26,0.17,,,,,9.16,0.63,0.946,0.021,1.0161,0.0046,,,,,,,,,"ECAS, SMASS",,,,,
266,266 Aline (A887 KA),C,Ch,Ch,109.49,,,0.027,-1.51,0.04,,,,,11.4,0.78,0.865,0.021,,,,,,,,,,,"ECAS, SMASS",,,,-1.0,1.0
267,267 Tirza (A887 KB),DU,D,D,56.0,,,0.051,,,,,,,,,,,1.0384,0.0065,,,,,,,,,SMASS,,,,,
268,268 Adorea (A887 LA),FC,,X,144.58,,,0.041,-1.2,0.03,0.245,0.006,19.35,0.3,9.62,0.15,1.005,0.027,1.0024,0.0129,,,,,,,,,ECAS,,,,,
271,271 Penthesilea (A887 TB),PC,,,65.9,,,0.045,-2.26,0.13,,,,,,,,,,,,,,,,,16.0,16.0,,,,,,
272,272 Antonia (A888 CA),,X,,26.87,,,0.128,,,,,,,,,,,1.007,0.0083,,,,,,,75.0,10.0,SMASS,,,,,
275,275 Sapientia (A888 GB),X,C,Xk,103.0,,,0.049,,,,,,,,,0.8683,0.0098,1.0105,0.0029,,,,,,,,,"ECAS, SMASS",,,,,
276,276 Adelheid (A888 HA),X,,,114.72,,,0.051,,,,,18.16,0.62,8.87,0.22,0.897,0.023,1.0307,0.019,,,,,,,,,ECAS,,,,,
279,279 Thule (A888 UA),D,X,D,126.59,,,0.0412,,,,,,,,,0.933,0.0235,0.9938,0.008,,,,,,,,,"ECAS, SMASS",,,,,
282,282 Clorinde (A889 BA),BFU::,B,,39.03,,,0.0502,-1.04,0.09,0.248,0.026,17.07,0.34,8.47,0.17,0.973,0.051,1.0034,0.0064,,,,,,,,,"ECAS, SMASS",,,,,1.0
283,283 Emma (A889 CA),X,,,132.38,,,0.023,-1.0,0.03,,,,,9.29,0.64,,,,,,,,,,,110.0,105.0,,,,,,
284,284 Amalia (A889 KA),CX,Ch,,52.95,,,0.0602,-1.48,0.07,0.274,0.009,21.09,0.12,,,,,0.9687,0.0051,,,,,,,,,SMASS,,,,,1.0
286,286 Iclea (A889 PB),CX,Ch,Ch,94.3,,,0.0508,,,,,,,,,,,0.9737,0.0032,,,,,,,,,SMASS,,,,,
293,293 Brasilia (A890 KA),CX,,Ch,57.49,,,0.056,-1.85,0.08,,,21.72,0.25,10.76,0.17,,,,,,,,,,,,,,,,,,
301,301 Bavaria (A890 WA),,C,Ch,53.04,,,0.057,,,,,,,,,,,0.9924,0.005,,,,,,,45.0,30.0,SMASS,,,,,
302,302 Clarissa (A890 VA),F,,C,38.53,,,0.0524,,,,,,,,,0.995,0.033,,,,,,,,,,,,,,,,
304,304 Olga (A891 CB),C,Xc,,65.99,,,0.047,,,,,,,,,0.923,0.02,1.0281,0.0023,,,,,,,,,"ECAS, SMASS",,,,,
308,308 Polyxo (A891 FA),T,T,T,128.58,0.0576,0.0032,0.047,-1.42,0.02,0.266,0.005,21.21,0.17,10.53,0.07,0.7787,0.0144,1.0309,0.0053,0.854,0.035,0.968,0.0005,,,,,"ECAS, SMASS",Usui18,,,,1.0
313,313 Chaldaea (A891 QB),C,,,71.18,,,0.044,-1.85,0.03,0.346,0.012,20.8,0.16,10.3,0.14,0.885,0.033,0.9589,0.023,,,,,0.18,0.041,,,ECAS,,Shev08,,,
322,322 Phaeo (A891 WB),X,X,D,69.86,,,0.089,,,0.194,0.014,20.84,0.44,,,0.9365,0.0285,1.0286,0.0081,,,,,,,12.0,7.0,"ECAS, SMASS",,,,,
324,324 Bamberga (A892 DA),CP,,C,220.69,0.071,0.007,0.05,-1.61,0.01,0.251,0.003,19.59,0.04,8.49,0.08,,,,,0.916,0.0562,,,,,,,,Takir12,,,,
326,326 Tamara (A892 FD),C,,,93.0,,,0.0368,,,,,,,,,0.8302,0.0085,0.9797,0.0045,,,,,,,,,ECAS,,,,,
329,329 Svea (A892 FG),C,,,81.06,,,0.039,,,0.2,0.016,18.5,0.33,,,0.902,0.022,1.0406,0.0163,,,,,,,75.0,50.0,ECAS,,,,,
331,331 Etheridgea (A892 GA),CX,C,,74.92,,,0.0447,,,,,,,,,,,0.9945,0.0095,,,,,,,,,SMASS,,,,,
334,334 Chicago (A892 QB),C,,Xc,198.77,0.051,0.005,0.041,-1.47,0.07,,,,,,,0.8358,0.0128,1.0003,0.0076,0.9067,0.085,,,,,,,ECAS,Takir12,,,,
335,335 Roberta (A892 RB),FP,B,,97.11,,,0.049,-1.17,0.02,0.227,0.002,16.08,0.14,7.03,0.14,1.027,0.023,1.0023,0.0091,,,,,,,,,"ECAS, SMASS",,,,,
336,336 Lacadiera (A892 SA),D,Xk,,63.36,,,0.054,,,0.299,0.014,19.42,0.2,,,0.947,0.041,1.0332,0.0057,0.948,0.092,0.935,0.0013,,,,,"ECAS, SMASS",Usui18,,,,
337,337 Devosa (A892 SB),X,X,Xk,64.55,,,0.135,-1.14,0.07,0.135,0.013,20.74,0.28,7.84,0.41,0.899,0.027,1.0229,0.0059,,,,,,,,,"ECAS, SMASS",,,,,
342,342 Endymion (A892 UA),C,Ch,B,64.27,,,0.035,,,,,,,,,,,0.9715,0.0057,,,,,,,,,SMASS,,,,,
343,343 Ostara (A892 VA),CSGU,,,18.21,,,0.092,,,,,,,,,,,,,,,,,,,139.0,63.0,,,,,,
344,344 Desiderata (A892 WA),C,,Ch,124.18,,,0.067,,,,,,,,,0.859,0.033,,,,,,,,,,,,,,,,
345,345 Tercidina (A892 WB),C,Ch,Ch,90.24,0.062,0.006,0.052,-1.44,0.03,0.267,0.006,21.22,0.12,10.54,0.08,0.821,0.018,0.9759,0.0048,,,,,,,,,"ECAS, SMASS",,,,,
348,348 May (A892 WE),,X,,82.82,,,0.0448,,,,,,,,,,,1.0093,0.0046,,,,,,,,,SMASS,,,,,
350,350 Ornamenta (A892 XC),C,,,128.73,0.0679,0.0037,0.048,-1.67,0.01,,,20.6,0.38,10.16,0.11,0.839,0.016,0.9832,0.0145,,,,,,,,,ECAS,,,,,
356,356 Liguria (A893 BE),C,,,145.5,0.051,0.005,0.065,,,,,,,,,,,,,,,,,,,,,,,,,,
357,357 Ninina (A893 CB),CX,,,124.11,,,0.037,-1.53,0.05,,,,,11.48,0.51,,,,,,,,,,,,,,,,,,1.0
358,358 Apollonia (A893 EC),,Ch,,90.12,,,0.05,,,,,,,,,,,0.9742,0.0083,,,,,,,,,SMASS,,,,,
360,360 Carlova (A893 EE),C,C,C,129.12,,,0.043,,,,,,,,,0.923,0.024,0.9989,0.0038,,,,,,,,,"ECAS, SMASS",,,,,
361,361 Bononia (A893 EF),DP,,,154.33,,,0.038,,,,,,,,,0.9873,0.0245,1.0079,0.0057,0.965,0.056,0.912,0.0007,,,,,ECAS,Usui18,,,,
363,363 Padua (A893 FD),XC,X,,97.0,,,0.059,,,,,,,,,,,1.0044,0.0062,,,,,,,,,SMASS,,,,,
365,365 Corduba (A893 FF),X,C,Ch,86.77,,,0.05,-1.69,0.09,0.306,0.029,20.06,0.42,9.72,0.53,0.882,0.018,0.996,0.0047,,,,,,,,,"ECAS, SMASS",,,,,
366,366 Vincentina (A893 FG),,Ch,,86.37,,,0.091,,,,,,,,,,,0.9893,0.0032,,,,,,,,,SMASS,,,,,
368,368 Haidea (A893 KC),D,,,69.28,,,0.038,-1.26,0.05,0.264,0.011,18.56,0.28,9.19,0.18,0.8743,0.0179,1.0073,0.0183,,,,,,,,,ECAS,,,,,1.0
372,372 Palma (A893 QB),BFC,B,,173.64,,,0.059,-1.59,0.04,,,,,10.53,0.57,,,0.9903,0.0096,,,,,,,,,SMASS,,,,,
373,373 Melusina (A893 RA),C,,,98.7,,,0.04,,,,,,,,,0.883,0.024,0.9988,0.0276,,,,,,,,,ECAS,,,,,
375,375 Ursula (A893 SB),C,Xc,C,216.0,,,0.037,-1.18,0.05,,,,,9.94,0.41,,,1.0357,0.0095,,,,,,,,,SMASS,,,,,1.0
377,377 Campania (A893 SD),PD,Ch,Ch,90.35,0.051,0.005,0.06,-1.61,0.05,0.303,0.011,20.84,0.15,10.35,0.09,,,0.9706,0.0046,,,,,,,,,SMASS,,,,,
379,379 Huenna (A894 AA),B,C,C,84.79,,,0.046,,,,,,,,,0.874,0.035,1.0094,0.0046,,,,,,,,,"ECAS, SMASS",,,,,
380,380 Fiducia (A894 AB),C,,,67.51,,,0.066,,,,,,,,,0.8408,0.0222,0.9977,0.0217,,,,,,,10.0,10.0,ECAS,,,,,
381,381 Myrrha (A894 AC),C,Cb,C,127.64,0.0531,0.0029,0.064,-1.08,0.02,,,19.38,0.26,9.55,0.14,0.919,0.025,0.9966,0.0036,,,,,,,,,"ECAS, SMASS",,,,,
383,383 Janina (A894 BC),B,B,B,43.48,,,0.04,,,,,,,,,0.8911,0.0231,0.9883,0.007,,,,,,,,,"ECAS, SMASS",,,,,
386,386 Siegena (A894 EB),C,C,Cgh,165.01,0.0589,0.0032,0.0692,-1.57,0.04,0.304,0.009,20.53,0.26,10.2,0.15,0.809,0.014,,,,,,,,,,,"ECAS, SMASS",,,,-1.0,
388,388 Charybdis (A894 ED),C,C,C,125.75,,,0.042,,,,,,,,,0.88,0.021,1.0053,0.0055,,,,,,,,,"ECAS, SMASS",,,,,
393,393 Lampetia (A894 VC),C,Xc,Cgh,116.19,,,0.022,,,,,,,,,,,1.0082,0.0098,,,,,,,,,SMASS,,,,,
395,395 Delia (A894 WC),C,Ch,,44.19,,,0.033,,,,,,,,,,,0.9837,0.0028,,,,,,,,,SMASS,,,,,
398,398 Admete (A894 YB),,C,Cg,49.77,,,0.054,-1.55,0.13,,,,,,,,,1.0268,0.0058,,,,,,,,,SMASS,,,,,1.0
400,400 Ducrosa (A895 EC),,,,36.0,,,0.112,,,,,,,,,,,,,,,,,,,38.0,13.0,,,,,,
401,401 Ottilia (A895 FA),,,,87.8,,,0.052,,,,,,,,,,,,,0.9242,0.0661,,,,,,,,Takir12,,,,
404,404 Arsinoe (A895 MA),C,Ch,,94.97,0.0451,0.0025,0.037,-1.4,0.03,0.267,0.006,20.74,0.11,10.31,0.06,0.938,0.026,0.9961,0.0055,,,,,,,,,"ECAS, SMASS",,,,,
405,405 Thia (A895 OB),C,Ch,Ch,108.89,,,0.018,-1.55,0.02,0.279,0.004,21.85,0.14,10.86,0.11,0.864,0.017,0.9763,0.0034,,,,,,,,,"For14, ECAS, SMASS",,,,,1.0
406,406 Erna (A895 QA),P,,,46.27,,,0.06,,,,,,,,,0.8855,0.0201,1.0221,0.018,,,,,,,,,ECAS,,,,,
407,407 Arachne (A895 TB),C,,,95.07,,,0.0548,,,,,,,,,0.8802,0.0374,0.9805,0.0153,,,,,,,,,ECAS,,,,,
409,409 Aspasia (A895 XC),CX,Xc,X,171.01,0.058,0.006,0.054,-1.55,0.02,0.259,0.002,19.59,0.03,8.82,0.09,,,1.0245,0.0056,,,,,,,,,SMASS,,,,,
410,410 Chloris (A896 AC),C,Ch,Ch,118.93,0.065,0.006,0.043,,,0.312,0.01,21.25,0.17,,,0.811,0.061,0.9746,0.0059,,,,,,,,,"ECAS, SMASS",,,,,1.0
412,412 Elisabetha (A896 AB),,C,C,96.06,,,0.044,,,,,,,,,,,1.012,0.0079,,,,,,,,,SMASS,,,,,
414,414 Liriope (A896 BB),C,Cg,Ch,88.76,,,0.027,,,,,,,,,0.797,0.019,1.03,0.0073,,,,,,,,,"ECAS, SMASS",,,,,
415,415 Palatia (A896 CA),DP,,,83.56,0.083,0.008,0.063,,,,,,,,,,,,,,,,,,,,,,,,,,
417,417 Suevia (A896 JB),X,Xk,X,54.87,,,0.072,,,,,,,,,0.811,0.031,1.0347,0.0079,,,,,,,,,"ECAS, SMASS",,,,,
419,419 Aurelia (A896 RF),F,,,148.7,0.051,0.005,0.034,-1.01,0.04,0.243,0.012,16.07,0.29,7.96,0.23,1.0077,0.0144,1.0156,0.0098,0.874,0.079,0.939,0.001,0.05,0.049,,,ECAS,Usui18,Bel00,,,
420,420 Bertholda (A896 RC),P,,,138.7,0.0404,0.0022,0.044,-1.03,0.02,,,,,8.76,0.24,0.9758,0.012,1.0072,0.0092,,,,,,,,,ECAS,,,,,
423,423 Diotima (A896 XA),C,C,C,175.86,0.074,0.007,0.067,-1.31,0.14,,,19.93,0.54,9.81,0.31,0.924,0.02,1.0261,0.0058,0.941,0.026,0.951,0.0003,,,40.0,20.0,"ECAS, SMASS",Usui18,,,,
425,425 Cornelia (A896 YC),,C,,67.92,,,0.042,,,,,,,,,,,1.002,0.0039,,,,,,,,,SMASS,,,,,
426,426 Hippo (A897 RA),F,,C,137.56,,,0.04,-1.18,0.04,0.237,0.01,19.49,0.16,9.67,0.1,,,,,,,,,,,,,,,,,,
429,429 Lotis (A897 WB),C,,,69.62,,,0.043,,,,,,,,,0.829,0.02,0.9624,0.0275,,,,,,,,,ECAS,,,,,
430,430 Hybris (A897 YA),,,,31.7,,,0.054,,,,,,,,,,,,,,,,,,,55.0,5.0,,,,,,
442,442 Eichsfeldia (A899 CA),C,Ch,,62.17,,,0.044,-1.54,0.06,,,,,,,0.881,0.0141,0.9758,0.0027,,,,,,,,,"ECAS, SMASS",,,proxy,,1.0
444,444 Gyptis (A899 FA),C,C,C,159.33,0.047,0.005,0.051,-1.22,0.04,0.218,0.005,20.32,0.1,9.64,0.23,0.906,0.026,1.0254,0.0051,,,,,,,74.0,74.0,"ECAS, SMASS",,,,,
449,449 Hamburga (A899 UE),C,,,85.59,,,0.0393,,,,,,,,,0.834,0.022,0.9805,0.0181,,,,,,,,,ECAS,,,,,
451,451 Patientia (A899 XA),CU,,,253.9,0.06,0.006,0.085,-1.53,0.05,,,,,8.21,0.34,0.92,0.025,0.9955,0.0202,0.902,0.061,0.904,0.0004,,,,,ECAS,Usui18,,,,
455,455 Bruchsalia (A900 KC),CP,,Xc,88.79,,,0.033,-1.1,0.05,0.223,0.009,19.33,0.21,,,,,,,,,,,,,,,,,,,,
463,463 Lola (A900 UK),X,,,20.91,,,0.082,,,,,,,,,,,,,,,,,,,68.0,28.0,,,,,,
464,464 Megaira (A901 AB),FXU:,C,,77.06,,,0.045,,,,,,,,,,,1.0162,0.0053,,,,,,,117.0,117.0,SMASS,,,,,
466,466 Tisiphone (A901 BB),C,,,95.5,0.051,0.005,0.092,-1.24,0.05,,,,,10.66,0.23,0.888,0.03,,,,,,,,,,,,,,,,
468,468 Lina (A901 BC),CPF,,X,60.24,,,0.057,,,,,,,,,,,,,,,,,,,20.0,20.0,,,,,,
469,469 Argentina (A901 DC),X,,,133.72,,,0.035,,,,,,,,,0.963,0.017,1.0117,0.0056,,,,,,,,,ECAS,,,,,
475,475 Ocllo (A901 PA),X,,,17.83,,,0.057,,,,,,,,,0.9007,0.0491,,,,,,,,,,,,,,,,
476,476 Hedwig (A901 QB),P,X,,138.49,0.0691,0.0038,0.035,-1.52,0.01,,,19.96,0.24,9.92,0.11,0.85,0.024,1.0126,0.0052,0.765,0.029,0.988,0.0004,,,,,"ECAS, SMASS",Usui18,,,,
479,479 Caprera (A901 VK),,C,,60.09,,,0.071,,,,,,,,,,,1.0179,0.0073,,,,,,,,,SMASS,,,,,
481,481 Emita (A902 CB),C,Ch,,101.83,,,0.032,,,,,,,,,,,0.977,0.0046,,,,,,,,,SMASS,,,,,
488,488 Kreusa (A902 MC),C,,,168.12,,,0.047,,,,,,,,,0.865,0.011,0.9893,0.0073,0.8314,0.0312,0.9323,0.028,,,,,ECAS,Takir15,,,,
489,489 Comacina (A902 RD),C,,,139.39,,,0.0427,-1.02,0.08,,,,,10.73,0.83,,,,,,,,,,,,,,,,,,
490,490 Veritas (A902 RE),C,Ch,Ch,118.8,,,0.059,-1.6,0.05,,,,,11.22,0.5,,,0.9941,0.0049,,,,,,,,,SMASS,,,,,1.0
491,491 Carina (A902 RG),,C,,91.18,,,0.037,-1.19,0.03,,,,,8.13,0.15,,,1.009,0.0029,,,,,,,,,SMASS,,,,,
493,493 Griseldis (A902 RH),,,,41.55,,,0.081,,,,,,,,,,,,,,,,,,,56.0,32.0,,,,,,
494,494 Virtus (A902 TF),C,Ch,Ch,100.79,,,0.065,,,,,,,,,,,0.9727,0.0048,,,,,,,,,SMASS,,,,,
499,499 Venusia (A902 YE),P,,,77.33,,,0.052,,,,,,,,,0.9268,0.0121,1.0028,0.0099,,,,,,,,,ECAS,,,,,
503,503 Evelyn (A903 BL),XC,Ch,,81.68,,,0.0585,-1.62,0.04,0.297,0.01,21.42,0.15,10.63,0.07,,,0.9756,0.003,,,,,,,,,SMASS,,,,,1.0
505,505 Cava (A902 QA),FC,,,115.0,,,0.04,,,,,,,,,0.965,0.052,,,,,,,,,,,,,,,,
506,506 Marion (A903 DB),XC,,,105.94,,,0.0454,,,,,,,,,0.87,0.027,1.0385,0.0201,,,,,,,,,ECAS,,,,,
508,508 Princetonia (A903 HC),C,,,117.24,,,0.065,,,,,,,,,0.852,0.021,0.9791,0.0171,,,,,,,,,ECAS,,,,,
510,510 Mabella (A903 KA),PD,,,60.45,,,0.062,-1.43,0.06,0.254,0.014,22.04,0.37,10.88,0.19,,,,,,,,,,,,,,,,,,
511,511 Davida (A903 KB),C,C,,270.33,0.06,0.006,0.076,-1.7,0.04,,,,,,,0.831,0.021,1.0085,0.0063,0.775,0.018,0.957,0.0003,,,35.0,17.0,"ECAS, SMASS",Usui18,,,,
514,514 Armida (A903 QC),XC,,,120.09,,,0.03,,,,,,,,,0.979,0.019,1.0224,0.0198,,,,,,,,,ECAS,,,,,
515,515 Athalia (A903 SH),I,Cb,,41.19,,,0.039,,,,,,,,,0.688,0.029,,,,,,,,,,,"ECAS, SMASS",,,,-1.0,
520,520 Franziska (A903 UK),CGU,,,25.26,,,0.147,,,,,,,,,,,,,,,,,,,30.0,30.0,,,,,,
521,521 Brixia (A904 AE),C,Ch,Ch,107.23,,,0.073,,,,,,,,,0.861,0.026,0.9848,0.0059,,,,,,,,,"ECAS, SMASS",,,,,
522,522 Helga (A904 AF),X,,,101.22,0.0567,0.0031,0.0388,,,,,,,,,0.9705,0.0225,1.0686,0.024,,,,,,,,,ECAS,,,,,
526,526 Jena (A904 EE),B,,C,44.84,,,0.077,,,,,,,,,0.895,0.02,0.996,0.0156,,,,,,,,,ECAS,,,,,
527,527 Euryanthe (A904 FC),,Cb,,52.63,,,0.039,,,,,,,,,,,1.0113,0.0052,,,,,,,,,SMASS,,,,,
530,530 Turandot (A904 GB),F,,,84.85,,,0.0472,,,,,,,,,0.984,0.026,0.9946,0.0284,,,,,,,,,ECAS,,,,,
531,531 Zerlina (A904 GC),,B,,17.8,,,0.101,,,,,,,,,,,0.9959,0.0051,,,,,,,,,SMASS,,,,,
536,536 Merapi (A904 JF),X,,,147.07,,,0.048,,,,,,,,,0.937,0.024,1.026,0.0161,,,,,,,,,ECAS,,,,,
538,538 Friederike (A904 OA),,,X,70.64,,,0.065,,,,,,,,,,,,,,,,,,,30.0,30.0,,,,,,
539,539 Pamina (A904 PD),,Ch,,68.36,,,0.052,,,,,,,,,,,0.9742,0.0091,,,,,,,,,SMASS,,,,,
541,541 Deborah (A904 PF),,B,,60.15,,,0.055,,,,,,,,,,,0.9982,0.006,,,,,,,,,SMASS,,,,,
545,545 Messalina (A904 TC),CD,Cb,C,112.63,,,0.041,,,,,,,,,,,0.9927,0.0083,,,,,,,,,SMASS,,,,,
547,547 Praxedis (A904 TE),XD:,Xk,X,52.46,,,0.101,-1.41,0.07,0.255,0.035,19.86,0.74,,,,,1.0334,0.0107,,,,,,,,,SMASS,,,,,
551,551 Ortrud (A904 WC),XC,C,C,81.11,,,0.04,,,,,,,,,0.925,0.017,1.0033,0.0035,,,,,,,,,"ECAS, SMASS",,,,,
554,554 Peraga (A905 AE),FC,Ch,,95.87,,,0.0496,-1.32,0.03,0.247,0.007,21.05,0.55,10.49,0.31,0.96,0.023,0.9777,0.0069,,,,,,,,,"ECAS, SMASS",,,,,
555,555 Norma (A905 AF),,B,,31.04,,,0.119,,,,,,,,,,,1.0128,0.0096,,,,,,,,,SMASS,,,,,
559,559 Nanon (A905 EB),C,Xk,,79.82,,,0.05,,,,,,,,,0.823,0.018,,,,,,,,,,,"ECAS, SMASS",,,,-1.0,
560,560 Delila (A905 EC),,B,,35.33,,,0.062,,,,,,,,,,,0.9985,0.0153,,,,,,,,,SMASS,,,,,
564,564 Dudu (A905 JD),CDX:,Xc,X,52.01,,,0.05,,,,,,,,,,,1.0163,0.0061,,,,,,,,,SMASS,,,,,
566,566 Stereoskopia (A905 KA),C,,C,167.38,0.0604,0.0033,0.039,,,,,,,,,0.8714,0.0314,0.998,0.018,,,,,,,,,ECAS,,,,,
567,567 Eleutheria (A905 KB),CFB:,,,93.41,,,0.0439,,,,,,,,,,,,,,,,,,,19.0,11.0,,,,,,
568,568 Cheruskia (A905 OD),,,,71.22,0.0705,0.0039,0.056,,,,,,,,,,,,,,,,,,,,,,,,,,
569,569 Misa (A905 OE),C,Cg,,72.95,,,0.0297,,,,,,,,,,,1.0101,0.015,,,,,,,,,SMASS,,,,,
572,572 Rebekka (A905 SF),XDC,C,,28.9,,,0.089,,,,,,,,,,,1.0234,0.0046,,,,,,,,,SMASS,,,,,
573,573 Recha (A905 SG),,,,47.58,,,0.1,,,,,16.3,0.15,,,,,,,,,,,,,45.0,15.0,,,,,,
578,578 Happelia (A905 VJ),,Xc,Cg,69.29,0.0774,0.0043,0.0769,-0.92,0.05,0.175,0.017,20.03,0.48,,,,,1.0255,0.0129,,,,,,,,,SMASS,,,,,
581,581 Tauntonia (A905 YC),,Xk,,61.48,,,0.031,,,,,,,,,,,1.042,0.0025,,,,,,,,,SMASS,,,,,
583,583 Klotilde (A905 YD),C,,,78.24,,,0.072,,,,,,,,,0.924,0.025,1.0133,0.0121,,,,,,,30.0,19.0,ECAS,,,,,
586,586 Thekla (A906 DK),C:,Ch,Ch,95.2,,,0.04,-1.7,0.13,,,,,,,,,0.9724,0.0045,,,,,,,,,SMASS,,,,,1.0
588,588 Achilles (A906 DN),DU,,,130.1,,,0.043,-1.07,0.01,,,,,9.22,0.31,0.919,0.058,,,,,,,0.02,0.043,,,,,Shev12,,,
592,592 Bathseba (A916 BB),,K,,43.79,,,0.155,,,,,,,,,,,1.06,0.0045,,,,,,,,,SMASS,,,,,
593,593 Titania (A906 FK),C,,,70.14,,,0.07,,,,,,,,,0.925,0.021,0.9972,0.0138,,,,,,,,,ECAS,,,,,
595,595 Polyxena (A906 FL),,,,90.65,,,0.145,-1.05,0.15,,,,,8.85,3.15,,,,,,,,,,,,,,,,,,
596,596 Scheila (A906 DL),PCD,T,T,159.73,,,0.04,,,,,,,,,,,1.0145,0.0056,,,,,,,,,SMASS,,,,,
598,598 Octavia (A906 GC),C:,X,,78.24,,,0.044,,,,,,,,,,,1.0087,0.0032,,,,,,,,,SMASS,,,,,
601,601 Nerthus (A906 MC),X,C,,75.54,,,0.043,,,,,,,,,,,1.0235,0.0173,,,,,,,,,SMASS,,,,,
602,602 Marianna (A906 DJ),C,,,110.44,0.07,0.007,0.067,-1.72,0.09,,,,,12.81,1.1,0.856,0.0141,0.9865,0.0098,,,,,,,,,ECAS,,,,,1.0
604,604 Tekmessa (A906 DH),,Xc,Cg,64.54,,,0.09,,,,,,,,,,,1.0396,0.0105,,,,,,,,,SMASS,,,,,
613,613 Ginevra (A906 TD),P,,,81.34,,,0.028,,,,,,,,,0.971,0.031,1.0005,0.0166,,,,,,,,,ECAS,,,,,
614,614 Pia (A906 TE),,C,,29.19,,,0.094,,,,,,,,,,,1.0147,0.0039,,,,,,,,,SMASS,,,,,
617,617 Patroclus (A906 UL),P,,X,140.36,,,0.047,,,,,,,,,0.9516,0.0199,0.9972,0.018,,,,,,,20.0,15.0,ECAS,,,,,
618,618 Elfriede (A906 UM),C,,,131.29,,,0.05,-1.36,0.17,,,,,,,0.886,0.019,0.9835,0.0272,,,,,,,,,ECAS,,,proxy,,1.0
624,624 Hektor (A907 CF),D,,,225.0,0.087,0.009,0.025,,,,,,,,,0.868,0.024,1.0085,0.0204,,,,,,,6.0,6.0,ECAS,,,,,
626,626 Notburga (A907 CH),CX,Xc,,73.24,,,0.032,,,,,,,,,0.895,0.023,1.0238,0.0039,,,,,,,,,"ECAS, SMASS",,,,,
627,627 Charis (A907 EJ),XB:,X,,38.02,,,0.047,,,,,,,,,,,1.0216,0.0043,,,,,,,,,SMASS,,,,,
629,629 Bernardina (A907 EL),,X,,35.09,,,0.14,,,,,,,,,,,1.0135,0.0042,,,,,,,,,SMASS,,,,,
634,634 Ute (A907 JJ),,X,,74.02,,,0.043,,,,,,,,,,,1.0113,0.0103,,,,,,,,,SMASS,,,,,
635,635 Vundtia (A907 LA),C,,,94.42,,,0.034,-1.38,0.05,,,,,,,0.8911,0.0215,0.9794,0.0186,,,,,,,,,ECAS,,,,,
638,638 Moira (A917 RC),,Ch,,59.59,,,0.06,,,,,,,,,,,0.9796,0.0086,,,,,,,,,SMASS,,,,,
640,640 Brambilla (A907 QA),G,,,62.67,,,0.055,,,,,,,,,0.74,0.018,1.0262,0.018,,,,,,,,,ECAS,,,,,
643,643 Scheherezade (A907 RK),P,,,65.0,,,0.058,,,,,,,,,0.895,0.031,,,,,,,,,,,,,,,,
648,648 Pippa (A907 RN),XC,,,68.27,,,0.0509,,,,,,,,,0.935,0.034,,,,,,,,,,,,,,,,
650,650 Amalasuntha (A907 TL),,,,18.61,,,0.027,,,,,,,,,1.086,0.159,,,,,,,,,,,,,,,,
654,654 Zelinda (A908 AM),C,Ch,Ch,160.74,0.049,0.005,0.027,-1.54,0.04,0.295,0.014,20.32,0.27,10.09,0.14,0.8998,0.013,0.9789,0.0011,,,,,,,,,"For14, ECAS, SMASS",,,,,
656,656 Beagle (A917 ST),,,,62.6,,,0.045,,,,,,,,,,,,,,,,,,,32.0,14.0,,,,,,
659,659 Nestor (A908 FE),XC,,,112.32,,,0.035,,,,,,,,,0.92,0.04,,,,,,,,,,,,,,,,
663,663 Gerlinde (A908 MB),X,,,107.8,,,0.031,,,,,,,,,0.973,0.044,0.9914,0.0183,,,,,,,,,ECAS,,,,,
664,664 Judith (A908 MC),XC,,,85.21,,,0.04,,,,,,,,,0.9383,0.0166,0.9893,0.0166,,,,,,,,,ECAS,,,,,
668,668 Dora (A908 OH),,Ch,Cgh,21.52,,,0.042,,,,,,,,,,,0.9823,0.0073,,,,,,,52.0,8.0,SMASS,,,,,
671,671 Carnegia (A908 SJ),,Xk,,60.6,,,0.028,,,,,,,,,,,1.0225,0.0076,,,,,,,,,SMASS,,,,,
679,679 Pax (A909 BR),I,K,L,63.91,,,0.11,,,,,,,,,,,1.0485,0.007,,,,,,,,,SMASS,,,,,
687,687 Tinette (A909 QB),X,X,,21.53,,,0.079,,,,,,,,,0.9496,0.026,1.0268,0.007,,,,,,,50.0,15.0,"ECAS, SMASS",,,,,
688,688 Melanie (A909 QC),,C,C,41.61,,,0.068,,,,,,,,,,,1.0132,0.0029,,,,,,,41.0,19.0,SMASS,,,,,
690,690 Wratislavia (A909 UE),CPF,,,134.65,,,0.0604,-1.15,0.09,0.229,0.012,19.42,0.13,9.62,0.4,,,,,,,,,,,,,,,,,,
694,694 Ekard (A909 VC),CP:,,Ch,121.89,,,0.026,,,,,,,,,,,,,,,,,,,120.0,20.0,,,,,,
702,702 Alauda (A910 OA),C,B,,190.98,,,0.061,-1.41,0.07,,,,,10.0,0.24,0.916,0.0139,0.9998,0.0045,,,,,,,,,"ECAS, SMASS",,,,,
704,704 Interamnia (A910 TC),F,B,,306.31,0.073,0.007,0.078,-1.29,0.01,0.257,0.002,15.28,0.03,6.59,0.04,0.9967,0.0136,,,0.818,0.015,0.978,0.0002,,,,,"ECAS, SMASS",Usui18,,,-1.0,
705,705 Erminia (A910 TE),X,C,X,132.26,,,0.031,,,,,,,,,0.921,0.04,1.01,0.0048,,,,,,,,,"ECAS, SMASS",,,,,
706,706 Hirundo (A910 TF),,Cgh,Cgh,30.82,,,0.081,,,,,,,,,,,0.9581,0.0027,,,,,,,,,SMASS,,,,,
712,712 Boliviana (A911 FF),C,X,,124.12,,,0.039,,,,,,,,,0.828,0.0173,1.0164,0.0026,,,,,,,,,"ECAS, SMASS",,,,,
713,713 Luscinia (A911 HG),C,C,,97.97,,,0.048,,,,,,,,,0.944,0.024,1.0051,0.0033,,,,,,,,,"ECAS, SMASS",,,,,
718,718 Erida (A911 SA),,X,,70.91,,,0.042,,,,,,,,,,,1.0155,0.0058,,,,,,,,,SMASS,,,,,
721,721 Tabora (A911 UM),D,,,86.31,,,0.047,,,,,,,,,0.8793,0.0196,1.0027,0.0201,,,,,,,,,ECAS,,,,,
725,725 Amanda (A911 UQ),CSU,,,23.69,,,0.068,,,,,,,,,0.783,0.043,,,,,,,,,,,,,,,,
732,732 Tjilaki (A912 HK),,,,29.79,,,0.138,-0.55,0.07,,,,,10.5,2.42,,,,,,,,,,,,,,,,,,
733,733 Mocia (A912 SA),CF,,C,98.49,,,0.044,,,,,,,,,0.9173,0.0183,1.0437,0.0153,,,,,,,,,ECAS,,,,,
734,734 Benda (A912 TF),,,,67.32,,,0.051,,,,,,,,,,,,,,,,,,,13.0,13.0,,,,,,
735,735 Marghanna (A912 XD),C,Ch,Ch,67.98,,,0.059,,,,,,,,,,,0.9756,0.0138,,,,,,,17.0,17.0,SMASS,,,,,
739,739 Mandeville (A913 CH),X,X,Xc,104.52,,,0.051,-1.12,0.07,,,,,,,0.8582,0.011,1.0045,0.0051,,,,,,,,,"ECAS, SMASS",,,,,
740,740 Cantabia (A913 CK),CX,,,90.9,,,0.0552,,,,,,,,,0.842,0.021,1.0099,0.0279,,,,,,,,,ECAS,,,,,
741,741 Botolphia (A913 CJ),X,X,X,29.64,,,0.1391,,,,,,,,,,,1.013,0.0023,,,,,,,,,SMASS,,,,,
743,743 Eugenisis (A913 DD),,Ch,,51.07,,,0.068,,,,,,,,,,,0.9834,0.0045,,,,,,,,,SMASS,,,,,
746,746 Marlu (A913 EJ),P,,,74.27,,,0.032,,,,,,,,,0.888,0.073,,,,,,,,,,,,,,,,
747,747 Winchester (A913 EK),PC,C,C,171.71,,,0.0503,-1.27,0.02,0.235,0.005,21.4,0.16,10.64,0.09,,,1.0098,0.0041,,,,,,,,,SMASS,,,,,
748,748 Simeisa (A913 EL),P,,,103.71,,,0.041,,,,,,,,,0.9756,0.0189,1.0037,0.0164,,,,,,,,,ECAS,,,,,
750,750 Oskar (A913 HF),F,,,22.53,,,0.06,,,,,,,,,1.07,0.014,1.0135,0.0112,,,,,,,,,ECAS,,,,,
751,751 Faina (A913 HE),C,Ch,,113.7,,,0.027,,,,,,,,,0.883,0.016,0.9985,0.0067,,,,,,,,,"ECAS, SMASS",,,,,
754,754 Malabar (A906 QH),XC,Ch,,94.52,,,0.042,,,,,,,,,,,0.9854,0.0063,,,,,,,,,SMASS,,,,,
756,756 Lilliana (A908 HD),,,,64.84,,,0.057,,,,,,,,,,,,,,,,,,,9.0,9.0,,,,,,
758,758 Mancunia (A912 KB),X,,,88.98,,,0.121,-1.03,0.08,,,,,,,,,,,,,,,,,,,,,,,,
759,759 Vinifera (A913 QC),,X,,52.93,,,0.036,,,,,,,,,,,1.018,0.0062,,,,,,,,,SMASS,,,,,
761,761 Brendelia (A913 RE),SC,,,20.76,,,0.156,,,,,,,,,0.771,0.02,,,,,,,,,,,,,,,,
762,762 Pulcova (A913 RD),F,,C,147.34,,,0.04,-1.17,0.03,,,18.08,0.3,8.94,0.13,0.955,0.041,1.0343,0.0219,,,,,,,,,ECAS,,,,,
767,767 Bondia (A913 SD),,B,B,43.04,,,0.095,,,,,,,,,,,0.9926,0.0072,,,,,,,,,SMASS,,,,,
768,768 Struveana (A913 TC),X,,D,32.6,,,0.137,,,,,,,,,0.929,0.039,0.9879,0.02,,,,,,,,,ECAS,,,,,
771,771 Libera (A913 WB),X,X,,29.32,,,0.123,-1.14,0.17,,,,,,,0.968,0.045,1.0082,0.0087,,,,,,,65.0,35.0,"ECAS, SMASS",,,proxy,,1.0
772,772 Tanete (A913 YD),C,,,126.47,,,0.028,,,,,,,,,0.904,0.066,,,,,,,,,,,,,,,,
773,773 Irmintraud (A913 YF),D,T,T,91.67,,,0.048,-1.25,0.04,0.26,0.01,18.82,0.25,9.33,0.11,0.9131,0.0163,1.0253,0.0046,0.897,0.099,0.889,0.0013,,,,,"ECAS, SMASS",Usui18,,,,
776,776 Berbericia (A914 BE),C,Cgh,Cgh,151.71,,,0.065,-1.78,0.02,0.323,0.009,21.64,0.4,10.68,0.2,0.829,0.015,0.989,0.0099,,,,,,,,,"ECAS, SMASS",,,,,1.0
778,778 Theobalda (A914 BG),F,,,55.32,,,0.079,,,,,,,,,1.0077,0.0158,1.0279,0.0157,,,,,,,,,ECAS,,,,,
779,779 Nina (A914 BH),,X,,80.57,,,0.157,,,0.145,0.029,21.94,1.66,,,,,1.0108,0.0038,,,,,,,,,SMASS,,,,,
780,780 Armenia (A914 BJ),,,,126.26,,,0.028,-1.54,0.18,,,,,,,,,,,,,,,,,,,,,,,,
781,781 Kartvelia (A914 BK),CPU:,Xc,,72.93,,,0.048,,,,,,,,,,,1.0213,0.0092,,,,,,,,,SMASS,,,,,
783,783 Nora (A914 FB),,C,,38.72,,,0.034,,,,,,,,,,,1.0026,0.0111,,,,,,,,,SMASS,,,,,
784,784 Pickeringia (A914 FC),,C,,75.6,,,0.086,,,,,,,,,,,1.0078,0.0059,,,,,,,41.0,21.0,SMASS,,,,,
786,786 Bredichina (A914 HD),C,,,108.31,,,0.052,,,,,,,,,0.9412,0.0175,1.0534,0.0127,,,,,,,,,ECAS,,,,,
789,789 Lena (A914 MA),,X,Xk,22.48,,,0.153,,,,,,,,,,,1.0362,0.0201,,,,,,,33.0,33.0,SMASS,,,,,
790,790 Pretoria (A912 BE),P,,,170.37,,,0.0384,,,,,,,,,0.953,0.028,0.9825,0.0136,0.8872,0.0556,,,,,,,ECAS,Takir12,,,,
791,791 Ani (A914 MB),C,,X,116.86,0.0518,0.0028,0.026,,,,,,,,,0.904,0.021,1.009,0.026,,,,,,,,,ECAS,,,,,
792,792 Metcalfia (A907 FC),,X,,61.8,,,0.024,,,,,,,,,,,1.0261,0.0028,,,,,,,,,SMASS,,,,,
795,795 Fini (A914 SF),,C,,85.26,,,0.027,,,,,,,,,,,1.0108,0.0049,,,,,,,,,SMASS,,,,,
801,801 Helwerthia (A915 FH),XC,,,32.4,,,0.031,,,,,,,,,0.895,0.047,,,,,,,,,,,,,,,,
804,804 Hispania (A915 FK),PC,C,C,137.95,,,0.054,,,,,,,,,0.832,0.018,,,,,,,,,,,"ECAS, SMASS",,,,-1.0,
805,805 Hormuthia (A915 HD),CX,,,73.1,,,0.039,,,,,,,,,0.915,0.028,1.0046,0.0194,,,,,,,,,ECAS,,,,,
814,814 Tauris (A916 AE),C,C,,102.23,,,0.054,,,,,,,,,,,1.0115,0.0044,,,,,,,,,SMASS,,,,,
816,816 Juliana (A916 CE),,,,50.74,,,0.043,,,,,,,,,,,,,,,,,,,13.0,13.0,,,,,,
821,821 Fanny (A916 GH),C,Ch,,28.86,,,0.025,-1.25,0.16,,,,,,,0.877,0.022,0.9899,0.0043,,,,,,,,,"ECAS, SMASS",,,proxy,,1.0
828,828 Lindemannia (A916 QH),XFU,,,47.89,0.0492,0.0027,0.057,,,,,,,,,,,,,,,,,,,,,,,,,,
829,829 Academia (A916 QF),,,,42.68,,,0.054,,,,,,,,,,,,,,,,,,,15.0,15.0,,,,,,
834,834 Burnhamia (A916 SG),GS:,,,61.28,,,0.071,,,,,,,,,,,,,,,,,,,22.0,20.0,,,,,,
838,838 Seraphina (A916 SL),P,,,58.1,,,0.048,-1.49,0.04,,,,,9.0,0.41,0.887,0.027,0.988,0.0237,,,,,,,,,ECAS,,,,,
845,845 Naema (A916 WM),,C,Cgh,52.68,,,0.041,,,,,,,,,,,1.0003,0.0084,,,,,,,,,SMASS,,,,,
853,853 Nansenia (A916 GN),XD,Ch,,27.59,,,0.051,,,,,,,,,,,0.9862,0.0059,,,,,,,,,SMASS,,,,,
856,856 Backlunda (A916 GQ),,C,,45.45,,,0.045,,,,,,,,,,,1.0319,0.003,,,,,,,,,SMASS,,,,,
866,866 Fatme (A917 DG),,X,,78.06,,,0.046,,,,,,,,,,,1.0217,0.0079,,,,,,,,,SMASS,,,,,
867,867 Kovacia (A917 DH),,,,24.11,,,0.092,,,,,,,,,,,,,,,,,,,17.0,17.0,,,,,,
868,868 Lova (A917 HB),C:,Ch,,50.69,,,0.056,,,,,,,,,,,0.9837,0.01,,,,,,,,,SMASS,,,,,
873,873 Mechthild (A917 KJ),PC,,,34.47,,,0.04,,,,,,,,,0.897,0.031,1.0447,0.025,,,,,,,46.0,46.0,ECAS,,,,,
874,874 Rotraut (A917 KK),,,,58.29,,,0.054,,,,,,,,,,,,,,,,,,,49.0,14.0,,,,,,
877,877 Walkure (A915 RV),F,,,38.41,,,0.0623,,,,,,,,,1.0089,0.0182,1.0071,0.0106,,,,,,,,,ECAS,,,,,
880,880 Herba (A917 OC),F,,,32.33,,,0.049,,,,,,,,,0.954,0.026,1.0093,0.0205,,,,,,,,,ECAS,,,,,
884,884 Priamus (A917 SU),D,,,101.09,,,0.044,,,,,,,,,0.9467,0.0293,0.9898,0.0268,,,,,,,,,ECAS,,,,,
886,886 Washingtonia (A917 WA),,C,,86.79,,,0.078,,,,,,,,,,,1.0072,0.0057,,,,,,,,,SMASS,,,,,
890,890 Waltraut (A918 EO),CTGU:,,,28.38,,,0.121,,,,,,,,,,,,,,,,,,,94.0,34.0,,,,,,
895,895 Helio (A918 NA),FCB,B,,109.57,,,0.071,-1.18,0.05,0.247,0.018,18.78,0.46,9.29,0.17,,,0.9954,0.0173,,,,,,,,,SMASS,,,,,
900,900 Rosalinde (A918 PJ),,,,19.62,,,0.085,,,,,,,,,,,,,,,,,,,7.0,7.0,,,,,,
906,906 Repsolda (A918 UF),,,,65.75,,,0.065,,,,,,,,,,,,,,,,,,,47.0,28.0,,,,,,
907,907 Rhoda (A918 VA),C,Xk,,82.66,,,0.032,,,,,,,,,0.914,0.025,1.0502,0.0053,,,,,,,,,"ECAS, SMASS",,,,,
909,909 Ulla (A919 CA),X,,,116.44,,,0.0343,-1.13,0.09,,,,,,,0.924,0.031,1.0293,0.0256,,,,,,,,,ECAS,,,,,
910,910 Anneliese (A919 EC),,Ch,Cgh,48.59,,,0.057,,,,,,,,,,,0.9958,0.0129,,,,,,,,,SMASS,,,,,
912,912 Maritima (A919 HC),,C,,82.68,,,0.039,,,,,,,,,,,1.0038,0.0033,,,,,,,,,SMASS,,,,,
914,914 Palisana (A919 NC),CU,,,76.19,0.0666,0.0037,0.095,-2.01,0.07,0.305,0.011,20.31,0.2,,,0.8135,0.0172,0.9548,0.0141,,,,,,,,,ECAS,,,,,
919,919 Ilsebill (A918 UD),,C,,33.5,,,0.047,,,,,,,,,,,1.0009,0.0106,,,,,,,,,SMASS,,,,,
924,924 Toni (A919 UF),CX,X,,85.49,,,0.0432,,,,,,,,,,,1.0089,0.0041,,,,,,,,,SMASS,,,,,
930,930 Westphalia (A920 EE),,Ch,,34.92,,,0.032,,,,,,,,,,,0.9867,0.0055,,,,,,,,,SMASS,,,,,
934,934 Thuringia (A920 PA),,Ch,,53.71,,,0.047,,,,,,,,,,,0.9847,0.0031,,,,,,,5.0,5.0,SMASS,,,,,
941,941 Murray (A920 TF),CX,X,,18.22,,,0.128,,,,,,,,,,,1.0188,0.008,,,,,,,,,SMASS,,,,,
944,944 Hidalgo (A920 UB),D,,D,38.0,,,0.06,,,0.218,0.025,18.5,0.52,,,,,,,,,,,,,,,,,,,,
946,946 Poesia (A921 CD),FU,,,36.21,,,0.097,,,,,,,,,0.891,0.03,,,,,,,,,,,,,,,,
958,958 Asplinda (A921 SD),,,,45.11,,,0.045,,,,,,,,,0.871,0.114,,,,,,,,,1.0,1.0,,,,,,
961,961 Gunnie (A921 TH),,X,,36.57,,,0.036,,,,,,,,,,,1.0054,0.0056,,,,,,,,,SMASS,,,,,
965,965 Angelica (A921 VB),,Xc,C,60.86,,,0.029,,,,,,,,,,,1.0267,0.0066,,,,,,,,,SMASS,,,,,
969,969 Leocadia (A921 VC),FXU:,,,17.32,,,0.019,,,,,,,,,1.053,0.051,,,,,,,,,,,,,,,,
971,971 Alsatia (A921 WH),,C,C,60.87,,,0.046,,,,,,,,,,,1.0022,0.0067,,,,,,,,,SMASS,,,,,
972,972 Cohnia (A922 BD),,,,77.83,,,0.049,,,,,,,,,,,,,,,,,,,19.0,13.0,,,,,,
973,973 Aralia (A922 FB),,Xk,,51.61,,,0.098,,,,,,,,,,,1.0376,0.0107,,,,,,,,,SMASS,,,,,
976,976 Benjamina (A922 FD),XD:,,,83.2,0.0857,0.0047,0.052,,,,,,,,,,,,,,,,,,,,,,,,,,
977,977 Philippa (A922 GA),C,,,65.47,,,0.051,,,,,,,,,,,,,,,,,,,27.0,21.0,,,,,,
987,987 Wallia (A922 UB),,,,52.65,,,0.144,,,,,,,,,,,,,,,,,,,46.0,46.0,,,,,,
996,996 Hilaritas (A923 FC),B,,,29.13,,,0.12,,,,,,,,,0.84,0.02,1.0103,0.0251,,,,,,,,,ECAS,,,,,
997,997 Priska (A923 NC),,Ch,Cgh,20.39,,,0.057,,,,,,,,,,,0.9875,0.0186,,,,,,,,,SMASS,,,,,
998,998 Bodea (A923 PC),,,,31.76,,,0.03,,,,,,,,,,,,,,,,,,,20.0,8.0,,,,,,
1001,1001 Gaussia (A923 PD),PC,,,72.71,,,0.041,,,,,,,,,0.9216,0.0144,0.9984,0.0138,,,,,,,,,ECAS,,,,,
1007,1007 Pawlowia (A923 TD),,K,,18.26,,,0.145,,,,,,,,,,,1.0825,0.0076,,,,,,,,,SMASS,,,,,
1012,1012 Sarema (A924 AD),F,,,20.9,,,0.049,,,,,,,,,1.0086,0.0279,1.0033,0.021,,,,,,,,,ECAS,,,,,
1013,1013 Tombecka (A924 BL),XSC,,,34.61,,,0.132,,,,,,,,,,,,,,,,,,,52.0,12.0,,,,,,
1015,1015 Christa (A924 CF),C,Xc,C,82.35,,,0.048,-1.15,0.1,,,,,,,,,1.0369,0.0099,0.8025,0.1884,,,,,,,SMASS,Takir12,,proxy,,1.0
1017,1017 Jacqueline (A924 CH),,C,,40.15,,,0.052,,,,,,,,,,,1.0042,0.0031,,,,,,,38.0,38.0,SMASS,,,,,
1021,1021 Flammario (A924 EW),F,B,C,100.76,,,0.045,-1.09,0.02,0.251,0.006,17.13,0.18,8.52,0.1,1.0093,0.0202,1.0,0.0055,,,,,,,,,"ECAS, SMASS",,,,,
1022,1022 Olympiada (A924 MB),,X,,34.3,,,0.125,,,,,,,,,,,1.0339,0.0063,,,,,,,,,SMASS,,,,,
1024,1024 Hale (A923 YO13),,Ch,,43.27,,,0.045,,,,,,,,,,,0.9918,0.006,,,,,,,,,SMASS,,,,,
1028,1028 Lydina (A923 VF),C,,,88.53,,,0.038,,,,,,,,,0.931,0.047,,,,,,,,,,,,,,,,
1032,1032 Pafuri (A924 KE),,X,,65.66,,,0.042,,,,,,,,,,,1.0273,0.0044,,,,,,,,,SMASS,,,,,
1038,1038 Tuckia (A924 WO),DTU:,,,58.3,,,0.0244,,,,,,,,,0.892,0.059,,,,,,,,,,,,,,,,
1039,1039 Sonneberga (A924 WP),,X,,33.85,,,0.053,,,,,,,,,,,1.0417,0.0075,,,,,,,,,SMASS,,,,,
1041,1041 Asta (1925 FA),,C,,60.57,,,0.047,,,,,,,,,,,1.0159,0.01,,,,,,,,,SMASS,,,,,
1048,1048 Feodosia (A924 WQ),XC,Ch,,62.22,,,0.057,,,,,,,,,,,0.9822,0.005,,,,,,,,,SMASS,,,,,
1051,1051 Merope (1925 SA),,,,60.44,,,0.053,,,,,,,,,,,,,,,,,,,48.0,25.0,,,,,,
1061,1061 Paeonia (1925 TB),C,,,23.09,,,0.048,,,,,,,,,0.89,0.039,,,,,,,,,,,,,,,,
1071,1071 Brita (A924 ER),,Xk,,60.86,,,0.036,,,,,,,,,,,1.034,0.0133,,,,,,,,,SMASS,,,,,
1076,1076 Viola (1926 TE),F,C,C,22.3,,,0.041,,,,,,,,,1.0347,0.0273,1.021,0.0131,,,,,,,24.0,24.0,"ECAS, SMASS",,,,,
1080,1080 Orchis (1927 QB),F,,,22.92,,,0.033,,,,,,,,,1.0455,0.0339,0.9932,0.0259,,,,,,,,,ECAS,,,,,
1086,1086 Nata (1927 QL),,Ch,Ch,66.27,,,0.0767,,,,,,,,,,,0.9751,0.0076,,,,,,,,,SMASS,,,,,
1094,1094 Siberia (1926 CB),,Xk,Xk,17.87,,,0.127,,,,,,,,,,,1.0314,0.0055,,,,,,,,,SMASS,,,,,
1095,1095 Tulipa (1926 GS),,,,27.88,,,0.146,,,,,,,,,,,,,,,,,,,23.0,13.0,,,,,,
1104,1104 Syringa (1928 XA),,Xk,,23.24,,,0.033,,,,,,,,,,,1.0365,0.0064,,,,,,,,,SMASS,,,,,
1107,1107 Lictoria (1929 FB),,Xc,,79.08,,,0.066,,,,,,,,,,,1.0231,0.0078,,,,,,,,,SMASS,,,,,
1108,1108 Demeter (1929 KA),CX,,,25.28,,,0.031,,,,,,,,,0.908,0.037,1.0209,0.0254,,,,,,,,,ECAS,,,,,
1109,1109 Tata (1929 CU),FC,,X,61.82,,,0.044,,,,,,,,,,,,,,,,,,,10.0,10.0,,,,,,
1114,1114 Lorraine (1928 WA),,Xc,,75.63,,,0.031,,,,,,,,,,,1.0258,0.009,,,,,,,,,SMASS,,,,,
1119,1119 Euboea (1927 UB),,,,29.44,,,0.064,,,,,,,,,,,,,,,,,,,9.0,6.0,,,,,,
1124,1124 Stroobantia (1928 TB),X,,,24.45,,,0.108,,,,,,,,,0.957,0.025,1.02,0.0188,,,,,,,,,ECAS,,,,,
1125,1125 China (1957 UN1),,,,26.08,,,0.078,,,,,,,,,,,,,,,,,,,34.0,7.0,,,,,,
1127,1127 Mimi (1929 AJ),CX,,,46.01,,,0.034,,,,,,,,,,,,,,,,,,,8.0,2.0,,,,,,
1128,1128 Astrid (1929 EB),,C,Cgh,41.85,,,0.031,,,,,,,,,,,0.998,0.005,,,,,,,,,SMASS,,,,,
1135,1135 Colchis (1929 TA),,Xk,,50.59,,,0.057,,,,,,,,,,,1.0331,0.005,,,,,,,,,SMASS,,,,,
1136,1136 Mercedes (1929 UA),,,,25.3,,,0.084,,,,,,,,,,,,,,,,,,,54.0,34.0,,,,,,
1143,1143 Odysseus (1930 BH),D,,D,114.62,,,0.05,,,,,,,,,0.854,0.032,0.9901,0.0164,,,,,,,,,ECAS,,,,,
1144,1144 Oda (1930 BJ),D,,,56.34,,,0.061,,,,,,,,,0.9314,0.0247,1.0156,0.0231,,,,,,,,,ECAS,,,,,
1154,1154 Astronomia (1927 CB),FXU:,,,55.72,,,0.036,,,,,,,,,0.994,0.053,,,,,,,,,,,,,,,,
1167,1167 Dubiago (1930 PB),D,,D,63.12,,,0.0509,,,,,,,,,0.9414,0.0311,0.9993,0.0251,,,,,,,,,ECAS,,,,,
1171,1171 Rusthawelia (1930 TA),P,,,82.23,,,0.029,,,,,,,,,0.948,0.016,1.0218,0.0169,,,,,,,,,ECAS,,,,,
1172,1172 Aneas (1930 UA),D,,,118.02,,,0.059,,,,,,,,,0.896,0.0245,1.0202,0.0232,,,,,,,,,ECAS,,,,,
1173,1173 Anchises (1930 UB),P,,,99.55,,,0.05,,,,,,,,,0.9097,0.0258,1.0011,0.0289,,,,,,,50.0,25.0,ECAS,,,,,
1176,1176 Lucidor (1930 VE),,C,,17.49,,,0.031,,,,,,,,,,,1.009,0.0055,,,,,,,,,SMASS,,,,,
1177,1177 Gonnessia (1930 WA),XFU,,,91.98,,,0.0398,,,,,,,,,0.971,0.035,0.9994,0.0249,,,,,,,,,ECAS,,,,,
1180,1180 Rita (1931 GE),P,,D,97.0,,,0.058,,,,,,,,,0.9628,0.0142,1.0267,0.0058,,,,,,,,,ECAS,,,,,
1181,1181 Lilith (1927 CQ),,X,,20.49,,,0.106,,,,,,,,,,,1.0132,0.0077,,,,,,,,,SMASS,,,,,
1187,1187 Afra (1929 XC),,X,,32.35,,,0.051,,,,,,,,,,,1.0155,0.013,,,,,,,,,SMASS,,,,,
1189,1189 Terentia (1930 SG),,Ch,,59.25,,,0.042,,,,,,,,,,,0.9879,0.0053,,,,,,,,,SMASS,,,,,
1201,1201 Strenua (1931 RK),,Xc,,35.83,,,0.037,-0.92,0.27,,,,,,,,,1.0403,0.0066,,,,,,,,,SMASS,,,,,1.0
1208,1208 Troilus (1931 YA),FCU,,,100.48,,,0.041,,,,,,,,,0.9327,0.0419,,,,,,,,,,,,,,,,
1210,1210 Morosovia (1931 LB),MU:,,,33.66,,,0.132,,,,,,,,,,,,,,,,,,,65.0,35.0,,,,,,
1212,1212 Francette (1931 XC),P,X,,76.39,,,0.046,,,,,,,,,0.967,0.0222,1.0136,0.0097,,,,,,,,,"ECAS, SMASS",,,,,
1214,1214 Richilde (1932 AA),,Xk,,36.67,,,0.048,,,,,,,,,,,1.046,0.0057,,,,,,,,,SMASS,,,,,
1236,1236 Thais (1931 VX),T,,,22.34,,,0.0599,,,,,,,,,0.788,0.026,0.9953,0.0275,,,,,,,,,ECAS,,,,,
1241,1241 Dysona (1932 EB1),PDC,,,79.19,,,0.047,,,,,,,,,,,,,,,,,,,23.0,23.0,,,,,,
1256,1256 Normannia (1932 PD),D,,,68.24,,,0.052,,,,,,,,,0.9215,0.0151,1.0078,0.0123,,,,,,,,,ECAS,,,,,
1258,1258 Sicilia (1932 PG),,,,45.67,,,0.05,,,,,,,,,,,,,,,,,,,61.0,31.0,,,,,,
1262,1262 Sniadeckia (1933 FE),,C,,71.01,,,0.028,,,,,,,,,,,1.0137,0.0055,,,,,,,,,SMASS,,,,,
1263,1263 Varsavia (1933 FF),X,Xc,,49.29,0.0571,0.0031,0.0459,,,,,,,,,,,1.0333,0.0054,,,,,,,,,SMASS,,,,,
1264,1264 Letaba (1933 HG),,C,,66.04,,,0.041,,,,,,,,,,,1.0041,0.0053,,,,,,,,,SMASS,,,,,
1266,1266 Tone (1927 BD),P,,,75.47,,,0.053,,,,,,,,,0.8626,0.0284,1.0223,0.0275,,,,,,,,,ECAS,,,,,
1268,1268 Libya (1930 HJ),P,,,96.71,,,0.043,,,,,,,,,0.9895,0.0206,1.0308,0.0255,,,,,,,,,ECAS,,,,,
1269,1269 Rollandia (1930 SH),D,,,104.89,,,0.048,,,,,,,,,0.857,0.024,0.9871,0.0155,,,,,,,,,ECAS,,,,,
1271,1271 Isergina (1931 TN),,C,,47.52,,,0.031,,,,,,,,,,,1.0094,0.0127,,,,,,,,,SMASS,,,,,
1275,1275 Cimbria (1932 WG),X,,,27.62,,,0.141,,,,,,,,,0.9002,0.0205,1.0108,0.0178,,,,,,,,,ECAS,,,,,
1276,1276 Ucclia (1933 BA),,,,36.5,,,0.075,,,,,,,,,,,,,,,,,,,63.0,18.0,,,,,,
1277,1277 Dolores (1933 HA),C,Cb,,32.59,,,0.063,,,,,,,,,0.815,0.021,1.0026,0.0045,,,,,,,,,"ECAS, SMASS",,,,,
1280,1280 Baillauda (1933 QB),X,,,50.83,,,0.0505,,,,,,,,,0.876,0.042,,,,,,,,,,,,,,,,
1281,1281 Jeanne (1933 QJ),,,,25.72,,,0.058,,,,,,,,,,,,,,,,,,,90.0,25.0,,,,,,
1288,1288 Santa (1933 QM),,,,31.38,,,0.044,,,,,,,,,,,,,,,,,,,15.0,5.0,,,,,,
1291,1291 Phryne (1933 RA),,,,27.42,,,0.127,,,,,,,,,,,,,,,,,,,20.0,20.0,,,,,,
1294,1294 Antwerpia (1933 UB1),,C,,37.2,,,0.117,,,,,,,,,,,1.0167,0.0037,,,,,,,,,SMASS,,,,,
1296,1296 Andree (1933 WE),,,,26.3,,,0.072,,,,,,,,,,,,,,,,,,,40.0,12.0,,,,,,
1300,1300 Marcelle (1934 CL),,Cg,Cgh,28.19,,,0.031,,,,,,,,,,,1.0243,0.0121,,,,,,,,,SMASS,,,,,
1301,1301 Yvonne (1934 EA),,C,,21.44,,,0.111,,,,,,,,,,,1.0284,0.0122,,,,,,,1.0,1.0,SMASS,,,,,
1303,1303 Luthera (1928 FP),,,,81.68,,,0.024,-0.7,0.07,0.17,0.022,16.05,0.61,,,,,,,,,,,,,,,,,,,,
1323,1323 Tugela (1934 LD),,Xc,,78.3,,,0.018,,,,,,,,,,,1.0275,0.0053,,,,,,,,,SMASS,,,,,
1327,1327 Namaqua (1934 RT),,X,,22.32,,,0.027,,,,,,,,,,,1.0201,0.0106,,,,,,,,,SMASS,,,,,
1331,1331 Solvejg (1933 QS),BC:,B,,36.82,,,0.121,,,,,,,,,,,0.9921,0.0048,,,,,,,,,SMASS,,,,,
1343,1343 Nicole (1935 FC),,C,,23.79,,,0.136,,,,,,,,,,,1.0143,0.0058,,,,,,,,,SMASS,,,,,
1345,1345 Potomac (A908 CE),X,,,72.98,,,0.043,,,,,,,,,0.889,0.066,,,,,,,,,,,,,,,,
1351,1351 Uzbekistania (1934 TF),,Xk,,60.01,,,0.035,,,,,,,,,,,1.0318,0.0113,,,,,,,,,SMASS,,,,,
1360,1360 Tarka (1935 OD),,Ch,,33.32,,,0.03,,,,,,,,,,,0.987,0.0071,,,,,,,40.0,5.0,SMASS,,,,,
1373,1373 Cincinnati (1935 QN),,Xk,,19.45,,,0.155,,,,,,,,,,,1.021,0.0078,,,,,,,,,SMASS,,,,,
1386,1386 Storeria (1935 PA),,Ch,,10.61,,,0.061,,,,,,,,,,,0.9823,0.009,,,,,,,52.0,51.0,SMASS,,,,,
1390,1390 Abastumani (1935 TA),P,,,95.85,,,0.033,,,,,,,,,0.976,0.038,1.0178,0.0272,,,,,,,,,ECAS,,,,,
1403,1403 Idelsonia (1936 QA),,Cgh,Cgh,26.53,,,0.072,,,,,,,,,,,0.9956,0.0115,,,,,,,,,SMASS,,,,,
1414,1414 Jerome (1937 CE),,Ch,,15.1,,,0.054,,,,,,,,,,,0.9771,0.0051,,,,,,,,,SMASS,,,,,
1420,1420 Radcliffe (1931 RJ),,X,,20.52,,,0.047,,,,,,,,,,,1.012,0.0054,,,,,,,,,SMASS,,,,,
1424,1424 Sundmania (1937 AJ),,X,,64.69,,,0.03,,,,,,,,,,,1.0175,0.0086,,,,,,,14.0,14.0,SMASS,,,,,
1427,1427 Ruvuma (1937 KB),,C,,35.41,,,0.034,,,,,,,,,,,0.995,0.0054,,,,,,,,,SMASS,,,,,
1428,1428 Mombasa (1937 NO),,Xc,,52.46,,,0.038,,,,,,,,,,,1.0332,0.0049,,,,,,,,,SMASS,,,,,
1436,1436 Salonta (1936 YA),,,,53.77,,,0.028,,,,,,,,,,,,,,,,,,,2.0,2.0,,,,,,
1439,1439 Vogtia (1937 TE),XFU,,,50.56,,,0.046,,,,,,,,,1.1786,0.0914,,,,,,,,,,,,,,,,
1445,1445 Konkolya (1938 AF),C,,,20.33,,,0.078,,,,,,,,,0.909,0.031,,,,,,,,,,,,,,,,
1452,1452 Hunnia (1938 DZ1),,,,20.91,,,0.046,,,,,,,,,,,,,,,,,,,24.0,20.0,,,,,,
1467,1467 Mashona (1938 OE),GC,,,89.16,,,0.083,,,,,,,,,0.794,0.048,,,,,,,,,,,,,,,,
1471,1471 Tornio (1938 SL1),,T,D,28.72,,,0.085,,,,,,,,,,,1.0175,0.0076,,,,,,,,,SMASS,,,,,
1474,1474 Beira (1935 QY),FX,B,B,,,,,,,,,,,,,,,1.0007,0.0113,,,,,,,,,SMASS,,,,,
1484,1484 Postrema (1938 HC),,B,,40.87,,,0.015,,,,,,,,,,,0.9993,0.0123,,,,,,,,,SMASS,,,,,
1490,1490 Limpopo (1936 LB),,Xc,,14.84,,,0.068,,,,,,,,,,,1.0175,0.0049,,,,,,,,,SMASS,,,,,
1493,1493 Sigrid (1938 QB),F,Xc,,28.9,,,0.034,,,,,,,,,1.0078,0.0214,1.0364,0.0082,,,,,,,,,"ECAS, SMASS",,,,,
1502,1502 Arenda (1938 WB),,Xc,,35.52,,,0.034,,,,,,,,,,,1.0247,0.0097,,,,,,,,,SMASS,,,,,
1508,1508 Kemi (1938 UP),BCF,C,,,,,,,,,,,,,,0.988,0.024,1.0417,0.0067,,,,,,,16.0,6.0,"ECAS, SMASS",,,,,
1510,1510 Charlois (1939 DC),,C,,24.51,,,0.118,,,,,,,,,,,1.0191,0.0083,,,,,,,,,SMASS,,,,,
1512,1512 Oulu (1939 FE),P,,,79.87,0.0594,0.0033,0.039,,,,,,,,,0.935,0.025,0.9797,0.0235,,,,,,,,,ECAS,,,,,
1517,1517 Beograd (1938 FD),,X,,39.52,,,0.05,,,,,,,,,,,1.0164,0.0065,,,,,,,19.0,5.0,SMASS,,,,,
1520,1520 Imatra (1938 UY),,C,,53.44,,,0.062,,,,,,,,,,,1.024,0.0067,,,,,,,,,SMASS,,,,,
1529,1529 Oterma (1938 BC),P:,,,56.32,,,0.054,,,,,,,,,0.829,0.054,,,,,,,,,,,,,,,,
1534,1534 Nasi (1939 BK),,Cgh,,22.12,,,0.0754,,,,,,,,,,,0.9798,0.0062,,,,,,,,,SMASS,,,,,
1539,1539 Borrelly (1940 UB),,B,,26.79,,,0.142,,,,,,,,,,,1.0005,0.0062,,,,,,,,,SMASS,,,,,
1541,1541 Estonia (1939 CK),,Xc,,22.0,,,0.14,,,,,,,,,,,1.0302,0.0149,,,,,,,,,SMASS,,,,,
1542,1542 Schalen (1941 QE),,D,D,42.37,,,0.068,-1.07,0.08,,,,,,,,,1.0227,0.0057,,,,,,,10.0,10.0,SMASS,,,proxy,,1.0
1545,1545 Thernoe (1941 UW),,K,,18.66,,,0.097,,,,,,,,,,,1.0533,0.0136,,,,,,,27.0,27.0,SMASS,,,,,
1548,1548 Palomaa (1935 FK),,Xk,,30.76,,,0.045,,,,,,,,,,,1.0401,0.0056,,,,,,,,,SMASS,,,,,
1556,1556 Wingolfia (1942 AA),XC,,,28.65,,,0.1297,,,,,,,,,0.9685,0.023,1.0083,0.0225,,,,,,,,,ECAS,,,,,
1560,1560 Strattonia (1942 XB),,C,,23.82,,,0.081,,,,,,,,,,,1.0242,0.0053,,,,,,,,,SMASS,,,,,
1564,1564 Srbija (1936 TB),X,,,41.68,,,0.045,,,,,,,,,0.875,0.038,0.9987,0.0267,,,,,,,,,ECAS,,,,,
1567,1567 Alikoski (1941 HN),PU,C,,69.24,,,0.059,,,,,,,,,,,1.0036,0.0041,,,,,,,7.2,7.2,SMASS,,,,,
1576,1576 Fabiola (1948 SA),BU,,,27.36,,,0.115,,,,,,,,,0.989,0.047,,,,,,,,,,,,,,,,
1578,1578 Kirkwood (1951 AT),D,,,47.08,,,0.063,,,,,,,,,0.8259,0.0263,1.019,0.0171,,,,,,,,,ECAS,,,,,
1579,1579 Herrick (1948 SB),F,,,46.92,,,0.043,,,,,,,,,0.955,0.025,0.9977,0.0239,,,,,,,,,ECAS,,,,,
1580,1580 Betulia (1950 KA),C,,,5.8,,,0.08,,,,,,,,,,,,,,,,,,,189.0,40.0,,,,,,
1581,1581 Abanderada (1950 LA1),BCU,,,29.51,,,0.093,,,,,,,,,0.894,0.041,,,,,,,,,,,,,,,,
1583,1583 Antilochus (1950 SA),D,,D,108.84,,,0.054,-1.25,0.02,,,,,,,0.9146,0.0261,1.0088,0.0214,,,,,,,,,ECAS,,,,,
1603,1603 Neva (1926 VH),,Ch,,39.56,,,0.05,,,,,,,,,,,0.9855,0.0076,,,,,,,,,SMASS,,,,,
1604,1604 Tombaugh (1931 FH),XSCU,Xc,,32.33,,,0.1038,,,,,,,,,0.8158,0.0187,1.0578,0.0095,,,,,,,,,"ECAS, SMASS",,,,,
1606,1606 Jekhovsky (1950 RH),C,,,18.98,,,0.033,,,,,,,,,0.805,0.0194,0.996,0.0188,,,,,,,,,ECAS,,,,,
1613,1613 Smiley (1950 SD),,Cgh,,18.22,,,0.068,,,,,,,,,,,0.9943,0.0135,,,,,,,,,SMASS,,,,,
1615,1615 Bardwell (1950 BW),B,,,29.14,,,0.06,,,,,,,,,0.8993,0.0293,1.0262,0.0238,,,,,,,,,ECAS,,,,,
1625,1625 The NORC (1953 RB),C,,,53.32,,,0.023,,,,,,,,,0.807,0.012,0.9742,0.0072,,,,,,,,,ECAS,,,,,
1628,1628 Strobel (A923 RT),,,,59.34,,,0.047,,,,,,,,,,,,,,,,,,,47.0,30.0,,,,,,
1638,1638 Ruanda (A912 HJ),,X,,19.09,,,0.122,,,,,,,,,,,1.0082,0.0066,,,,,,,,,SMASS,,,,,
1650,1650 Heckmann (1937 TG),F,,,30.2,,,0.046,,,,,,,,,1.06,0.0192,1.0441,0.0169,,,,,,,,,ECAS,,,,,
1655,1655 Comas Sola (1929 WG),XFU,B,,35.94,,,0.045,,,,,,,,,0.98,0.024,1.0065,0.007,,,,,,,40.0,30.0,"ECAS, SMASS",,,,,
1672,1672 Gezelle (1935 BD),,,,26.2,,,0.066,,,,,,,,,,,,,,,,,,,10.0,10.0,,,,,,
1691,1691 Oort (1956 RB),CU,,,33.64,,,0.065,,,,,,,,,0.9,0.031,1.0093,0.0232,,,,,,,32.0,32.0,ECAS,,,,,
1692,1692 Subbotina (1936 QD),,Cg,,36.08,,,0.049,,,,,,,,,,,1.0279,0.0116,,,,,,,,,SMASS,,,,,
1693,1693 Hertzsprung (1935 LA),CBU,,,37.77,,,0.051,,,,,,,,,0.864,0.025,0.9936,0.0229,,,,,,,,,ECAS,,,,,
1695,1695 Walbeck (1941 UO),,Cg,,18.95,,,0.042,,,,,,,,,,,1.0004,0.0173,,,,,,,,,SMASS,,,,,
1700,1700 Zvezdara (1940 QC),X,,,20.18,,,0.045,,,,,,,,,0.8636,0.0178,0.9988,0.0144,,,,,,,,,ECAS,,,,,
1705,1705 Tapio (1941 SL1),,B,,11.97,,,0.089,,,,,,,,,,,1.0015,0.0068,,,,,,,,,SMASS,,,,,
1715,1715 Salli (1938 GK),,X,,24.16,,,0.044,,,,,,,,,,,1.0228,0.0059,,,,,,,,,SMASS,,,,,
1716,1716 Peter (1934 GF),,C,,26.66,,,0.044,,,,,,,,,,,1.0131,0.0066,,,,,,,,,SMASS,,,,,
1724,1724 Vladimir (1932 DC),FBCU::,B,,38.48,,,0.037,,,,,,,,,0.936,0.065,1.0115,0.0134,,,,,,,,,"ECAS, SMASS",,,,,
1726,1726 Hoffmeister (1933 OE),,Cb,B,25.25,,,0.037,,,,,,,,,,,1.0083,0.01,,,,,,,,,SMASS,,,,,
1734,1734 Zhongolovich (1928 TJ),,Ch,Ch,26.42,,,0.051,,,,,,,,,,,0.979,0.0104,,,,,,,35.0,10.0,SMASS,,,,,
1740,1740 Paavo Nurmi (1939 UA),F,,,12.76,,,0.046,,,,,,,,,1.068,0.022,0.989,0.0146,,,,,,,,,ECAS,,,,,
1742,1742 Schaifers (1934 RO),,,,16.71,,,0.113,,,,,,,,,,,,,,,,,,,91.0,21.0,,,,,,
1746,1746 Brouwer (1963 RF),D,,,62.52,,,0.048,,,,,,,,,0.935,0.0216,0.9892,0.0216,,,,,,,,,ECAS,,,,,
1748,1748 Mauderli (1966 RA),D,,,44.91,,,0.048,,,,,,,,,0.9014,0.0474,0.9643,0.0216,,,,,,,,,ECAS,,,,,
1754,1754 Cunningham (1935 FE),P,,,79.52,,,0.0345,-0.94,0.16,,,,,,,0.9321,0.0292,1.0168,0.0298,,,,,,,,,ECAS,,,proxy,,1.0
1766,1766 Slipher (1962 RF),,C,,19.1,,,0.058,,,,,,,,,,,1.0108,0.0059,,,,,,,,,SMASS,,,,,
1768,1768 Appenzella (1965 SA),F,C,C,20.22,,,0.032,,,,,,,,,1.034,0.049,1.0286,0.0104,,,,,,,31.0,12.0,"ECAS, SMASS",,,,,
1783,1783 Albitskij (1935 FJ),,Ch,Ch,24.27,,,0.055,,,,,,,,,,,0.9808,0.012,,,,,,,,,SMASS,,,,,
1794,1794 Finsen (1970 GA),C,,,38.05,,,0.046,,,,,,,,,0.892,0.027,0.9837,0.0254,,,,,,,,,ECAS,,,,,
1795,1795 Woltjer (4010 P-L),,Ch,B,23.89,,,0.049,-2.4,0.3,,,,,,,,,0.9881,0.0078,,,,,,,,,SMASS,,,proxy,,1.0
1796,1796 Riga (1966 KB),XFCU,Cb,,68.17,,,0.044,,,,,,,,,0.927,0.032,1.0226,0.009,,,,,,,,,"ECAS, SMASS",,,,,
1815,1815 Beethoven (1932 CE1),F,,,30.6,,,0.057,,,,,,,,,0.946,0.035,,,,,,,,,,,,,,,,
1819,1819 Laputa (1948 PC),,,,54.16,,,0.05,-0.83,0.09,,,,,12.36,1.37,,,,,,,,,,,,,,,,,,
1836,1836 Komarov (1971 OT),,Ch,,22.24,,,0.042,,,,,,,,,,,0.9674,0.0104,,,,,,,,,SMASS,,,,,
1860,1860 Barbarossa (1973 SK),,X,,16.8,,,0.152,,,,,,,,,,,1.0146,0.0049,,,,,,,,,SMASS,,,,,
1867,1867 Deiphobus (1971 EA),D,,,118.22,,,0.06,,,,,,,,,0.9388,0.019,1.0138,0.0169,,,,,,,,,ECAS,,,,,
1902,1902 Shaposhnikov (1972 HU),X,,,83.43,,,0.04,,,,,,,,,0.9494,0.0312,,,,,,,,,15.0,15.0,,,,,,
1911,1911 Schubart (1973 UD),P,,,67.48,,,0.035,,,,,,,,,0.963,0.033,,,,,,,,,,,,,,,,
1930,1930 Lucifer (1964 UA),,Cgh,,34.44,,,0.067,,,,,,,,,,,,,,,,,,,60.0,25.0,,,,,,
1936,1936 Lugano (1973 WD),,Ch,Ch,33.9,,,0.031,,,,,,,,,,,,,,,,,,,115.0,77.0,,,,,,
1963,1963 Bezovec (1975 CB),C,,,35.54,,,0.049,,,,,,,,,0.843,0.025,,,,,,,,,,,,,,,,
2010,2010 Chebyshev (1969 TL4),BU:,,,24.65,,,0.065,,,,,,,,,0.864,0.046,,,,,,,,,,,,,,,,
2060,2060 Chiron (1977 UB),B,Cb,,166.0,,,0.15,,,,,,,,,0.9097,0.0281,,,,,,,,,,,,,,,,
2067,2067 Aksnes (1936 DD),P,,,46.0,,,0.054,,,,,,,,,0.9834,0.0333,,,,,,,,,,,,,,,,
2081,2081 Sazava (1976 DH),F,,,16.67,,,0.022,,,,,,,,,1.057,0.03,,,,,,,,,,,,,,,,
2100,2100 Ra-Shalom (1978 RA),C,Xc,,2.3,,,0.13,,,,,,,,,0.8787,0.0324,,,,,,,,,,,,,,,,
2106,2106 Hugo (1936 UF),,C,,16.52,,,0.073,,,,,,,,,,,,,,,,,,,22.0,9.0,,,,,,
2139,2139 Makharadze (1970 MC),F,,,17.24,,,0.045,,,,,,,,,1.0052,0.0432,,,,,,,,,,,,,,,,
2140,2140 Kemerovo (1970 PE),,,,34.54,,,0.063,,,,,,,,,,,,,,,,,,,20.0,14.0,,,,,,
2177,2177 Oliver (6551 P-L),,,,19.83,,,0.126,,,,,,,,,,,,,,,,,,,42.0,10.0,,,,,,
2196,2196 Ellicott (1965 BC),CFXU,,,57.38,,,0.043,,,,,,,,,0.965,0.05,,,,,,,,,,,,,,,,
2203,2203 van Rhijn (1935 SQ1),,,,21.5,,,0.096,,,,,,,,,,,,,,,,,,,55.0,27.0,,,,,,
2204,2204 Lyyli (1943 EQ),,X,,25.16,,,0.0232,,,,,,,,,,,,,,,,,,,90.0,50.0,,,,,,
2207,2207 Antenor (1977 QH1),D,,,97.66,,,0.051,,,,,,,,,0.9253,0.018,,,,,,,,,,,,,,,,
2208,2208 Pushkin (1977 QL3),D,,,40.85,,,0.044,,,,,,,,,0.9013,0.0277,,,,,,,,,,,,,,,,
2214,2214 Carol (1953 GF),,,,25.86,,,0.05,,,,,,,,,,,,,,,,,,,21.0,9.0,,,,,,
2223,2223 Sarpedon (1977 TL3),DU,,,77.48,,,0.051,,,,,,,,,0.8812,0.0243,,,,,,,,,,,,,,,,
2239,2239 Paracelsus (1978 RC),,,,33.98,,,0.062,,,,,,,,,,,,,,,,,,,18.0,18.0,,,,,,
2241,2241 Alcathous (1979 WM),D,,,113.68,,,0.048,,,,,,,,,0.9273,0.0197,,,,,,,,,,,,,,,,
2246,2246 Bowell (1979 XH),D,D,D,48.42,,,0.045,,,,,,,,,0.9059,0.0208,,,,,,,,,,,,,,,,
2260,2260 Neoptolemus (1975 WM1),DTU:,,,76.44,,,0.057,,,,,,,,,0.796,0.113,,,,,,,,,,,,,,,,
2266,2266 Tchaikovsky (1974 VK),D,,,46.94,,,0.0384,,,,,,,,,0.8819,0.0154,,,,,,,,,,,,,,,,
2278,2278 Gotz (1953 GE),FC,,,11.77,,,0.039,,,,,,,,,1.0085,0.0393,,,,,,,,,,,,,,,,
2279,2279 Barto (1968 DL),F,,,14.41,,,0.065,,,,,,,,,1.041,0.022,,,,,,,,,,,,,,,,
2297,2297 Daghestan (1978 RE),,,,26.58,,,0.091,,,,,,,,,,,,,,,,,,,58.0,18.0,,,,,,
2306,2306 Bauschinger (1939 PM),,X,Xk,19.36,,,0.13,,,,,,,,,,,,,,,,,,,18.0,10.0,,,,,,
2311,2311 El Leoncito (1974 TA1),D,,D,53.14,,,0.0388,,,,,,,,,0.923,0.045,,,,,,,,,,,,,,,,
2312,2312 Duboshin (1976 GU2),D,,,50.12,,,0.06,,,,,,,,,0.9141,0.0199,,,,,,,,,,,,,,,,
2332,2332 Kalm (1940 GH),,,,31.73,,,0.11,,,,,,,,,,,,,,,,,,,77.0,48.0,,,,,,
2347,2347 Vinata (1936 TK),,,,25.4,,,0.083,,,,,,,,,,,,,,,,,,,35.0,14.0,,,,,,
2357,2357 Phereclos (1981 AC),D,,,94.62,,,0.052,,,,,,,,,0.9332,0.0263,,,,,,,,,,,,,,,,
2363,2363 Cebriones (1977 TJ3),D,,,95.98,,,0.044,,,,,,,,,0.89,0.037,,,,,,,,,,,,,,,,
2375,2375 Radek (1975 AA),D,,,32.74,,,0.111,,,,,,,,,0.9257,0.0219,,,,,,,,,11.0,11.0,,,,,,
2379,2379 Heiskanen (1941 ST),C,,,33.16,,,0.07,,,,,,,,,0.9237,0.023,,,,,,,,,,,,,,,,
2405,2405 Welch (1963 UF),BCU:,,,22.36,,,0.052,,,,,,,,,0.89,0.039,,,,,,,,,,,,,,,,
2446,2446 Lunacharsky (1971 TS2),,B,,12.95,,,0.079,,,,,,,,,,,,,,,,,,,33.0,10.0,,,,,,
2567,2567 Elba (1979 KA),,Xc,,15.94,,,0.159,,,,,,,,,,,,,,,,,,,50.0,36.0,,,,,,
2569,2569 Madeline (1980 MA),,D,,26.0,,,0.072,-1.29,0.07,,,,,,,,,,,,,,,,,,,,,,proxy,,1.0
2577,2577 Litva (1975 EE3),EU,,,,,,,,,,,,,,,0.798,0.016,,,,,,,,,,,,,,,,
2617,2617 Jiangxi (1975 WO1),,,,49.08,,,0.051,,,,,,,,,,,,,,,,,,,6.0,6.0,,,,,,
2659,2659 Millis (1981 JX),,B,,27.88,,,0.05,,,,,,,,,,,,,,,,,,,36.0,20.0,,,,,,
2674,2674 Pandarus (1982 BC3),D,,,74.27,,,0.067,,,,,,,,,0.8836,0.0269,,,,,,,,,,,,,,,,
2760,2760 Kacha (1980 TU6),X,,,57.9,,,0.0508,,,,,,,,,0.91,0.0125,,,,,,,,,,,,,,,,
2809,2809 Vernadskij (1978 QW2),BFX,B,,12.01,,,0.037,,,,,,,,,0.991,0.045,,,,,,,,,,,,,,,,
2870,2870 Haupt (1981 LD),,,,14.93,,,0.053,,,,,,,,,,,,,,,,,,,125.0,125.0,,,,,,
2893,2893 Peiroos (1975 QD),D,,,86.88,,,0.048,,,,,,,,,0.9243,0.0257,,,,,,,,,,,,,,,,
3036,3036 Krat (1937 TO),,,,43.1,,,0.102,,,,,,,,,,,,,,,,,,,15.0,9.0,,,,,,
3051,3051 Nantong (1974 YP),,,,15.86,,,0.053,,,,,,,,,,,,,,,,,,,27.0,14.0,,,,,,
3123,3123 Dunham (1981 QF2),F,,,12.07,,,0.04,,,,,,,,,1.0121,0.0312,,,,,,,,,,,,,,,,
3124,3124 Kansas (1981 VB),CG,,,11.15,,,0.059,,,,,,,,,0.8047,0.0382,,,,,,,,,,,,,,,,
3162,3162 Nostalgia (1980 YH),,,,28.69,,,0.056,,,,,,,,,,,,,,,,,,,29.0,15.0,,,,,,
3200,3200 Phaethon (1983 TB),F,B,,6.25,,,0.1066,-1.34,0.03,0.225,0.006,20.3,0.19,9.38,0.27,,,,,,,,,,,600.0,200.0,,,,,,
3428,3428 Roberts (1952 JH),,,,17.16,,,0.095,,,,,,,,,,,,,,,,,,,66.0,21.0,,,,,,
3438,3438 Inarradas (1974 SD5),,,,25.25,,,0.045,,,,,,,,,,,,,,,,,,,54.0,15.0,,,,,,
3548,3548 Eurybates (1973 SO),,,,63.88,,,0.052,-1.31,0.04,,,,,10.39,0.8,,,,,,,,,,,,,,,,,,
3554,3554 Amun (1986 EB),,,,3.34,,,0.074,,,,,,,,,,,,,,,,,,,382.0,205.0,,,,,,
3751,3751 Kiang (1983 NK),,,,24.05,,,0.065,,,,,,,,,,,,,,,,,,,62.0,16.0,,,,,,
3823,3823 Yorii (1988 EC1),,,,12.44,,,0.091,,,,,,,,,,,,,,,,,,,49.0,49.0,,,,,,
3915,3915 Fukushima (1988 PA1),,,,21.99,,,0.051,,,,,,,,,,,,,,,,,,,22.0,7.0,,,,,,
4003,4003 Schumann (1964 ED),,,,36.12,,,0.049,,,,,,,,,,,,,,,,,,,32.0,11.0,,,,,,
4006,4006 Sandler (1972 YR),,,,15.89,,,0.071,,,,,,,,,,,,,,,,,,,36.0,11.0,,,,,,
4015,4015 Wilson-Harrington (1979 VA),CF,,,4.0,,,0.05,,,,,,,,,0.9461,0.0157,,,,,,,,,,,,,,,,
4255,4255 Spacewatch (1986 GW),,,,15.11,,,0.03,,,,,,,,,,,,,,,,,,,24.0,17.0,,,,,,
4265,4265 Kani (1989 TX),,C,,14.24,,,0.056,,,,,,,,,,,,,,,,,,,6.0,6.0,,,,,,
4543,4543 Phoinix (1989 CQ1),,,,63.84,,,0.057,-0.97,0.02,,,,,10.55,0.88,,,,,,,,,,,,,,,,,,
4771,4771 Hayashi (1989 RM2),,,,13.47,,,0.098,,,,,,,,,,,,,,,,,,,61.0,29.0,,,,,,
4800,4800 Veveri (1989 TG17),,,,14.09,,,0.133,,,,,,,,,,,,,,,,,,,39.0,29.0,,,,,,
5088,5088 Tancredi (1979 QZ1),,,,15.94,,,0.07,,,,,,,,,,,,,,,,,,,40.0,19.0,,,,,,
5333,5333 Kanaya (1990 UH),,Ch,,13.59,,,0.041,,,,,,,,,,,,,,,,,,,23.0,7.0,,,,,,
5592,5592 Oshima (1990 VB4),,,B,22.66,,,0.076,,,,,,,,,,,,,,,,,,,34.0,27.0,,,,,,
5625,5625 Jamesferguson (1991 AO2),,,,14.79,,,0.061,,,,,,,,,,,,,,,,,,,52.0,15.0,,,,,,
6170,6170 Levasseur (1981 GP),,,,,,,,,,,,,,,,,,,,,,,,,,76.0,56.0,,,,,,
6185,6185 Mitsuma (1987 YD),,,,9.95,,,0.074,,,,,,,,,,,,,,,,,,,66.0,45.0,,,,,,
6261,6261 Chione (1976 WC),,,,,,,,,,,,,,,,,,,,,,,,,,41.0,41.0,,,,,,
6545,6545 (1986 TR6),,,,50.95,,,0.068,-1.25,0.02,,,,,,,,,,,,,,,,,,,,,,,,
7949,7949 (1992 SU),,,,16.6,,,0.07,,,,,,,,,,,,,,,,,,,37.0,27.0,,,,,,
7968,7968 Elst-Pizarro (1996 N2),F,,,3.2,,,0.06,-1.44,0.09,0.33,0.021,17.03,0.24,8.45,0.15,,,,,,,,,,,,,,,,,,
10936,10936 (1998 FN11),,,,11.14,,,0.132,,,,,,,,,,,,,,,,,,,13.0,13.0,,,,,,
13474,13474 V'yus (1973 QO1),,,,6.92,,,0.147,,,,,,,,,,,,,,,,,,,64.0,44.0,,,,,,
13856,13856 (1999 XZ105),,,,14.6,,,0.076,,,,,,,,,,,,,,,,,,,20.0,10.0,,,,,,
14342,14342 Iglika (1984 SL),,,,14.22,,,0.096,,,,,,,,,,,,,,,,,,,24.0,14.0,,,,,,
14950,14950 (1996 BE2),,,,6.18,,,0.154,,,,,,,,,,,,,,,,,,,54.0,34.0,,,,,,
17822,17822 (1998 FM135),,,,10.54,,,0.044,,,,,,,,,,,,,,,,,,,79.0,52.0,,,,,,
21594,21594 (1998 VP31),,,,9.82,,,0.118,,,,,,,,,,,,,,,,,,,44.0,12.0,,,,,,
21601,21601 (1998 XO89),,,,54.91,,,0.064,-1.23,0.02,,,,,9.32,0.36,,,,,,,,,,,,,,,,,,
23276,23276 (2000 YT101),,,,5.98,,,0.086,,,,,,,,,,,,,,,,,,,27.0,27.0,,,,,,
27851,27851 (1994 VG2),,,,9.55,,,0.07,,,,,,,,,,,,,,,,,,,11.0,11.0,,,,,,
29075,29075 (1950 DA),,,,2.0,,,0.07,,,,,,,,,,,,,,,,,,,24.0,14.0,,,,,,
30470,30470 (2000 OR19),,,,8.81,,,0.053,,,,,,,,,,,,,,,,,,,45.0,22.0,,,,,,
32802,32802 (1990 SK),,,,4.24,,,0.156,,,,,,,,,,,,,,,,,,,20.0,20.0,,,,,,
33916,33916 (2000 LF19),,,,4.05,,,0.129,,,,,,,,,,,,,,,,,,,38.0,38.0,,,,,,
41223,41223 (1999 XD16),,,,,,,,,,,,,,,,,,,,,,,,,,23.0,23.0,,,,,,
100085,100085 (1992 UY4),,,,,,,,,,,,16.43,1.67,,,,,,,,,,,,,,,,,,,,
101955,101955 Bennu (1999 RQ36),,B,,0.49,,,0.046,,,0.273,0.047,18.06,0.57,,,,,,,,,,,,,310.0,70.0,,,,,,
155140,155140 (2005 UD),,B,,,,,,-1.26,0.03,0.208,0.007,19.66,0.24,8.87,0.27,,,,,,,,,,,300.0,110.0,,,,,,
162173,162173 Ryugu (1999 JU3),,Cg,,,,,,,,,,,,,,,,,,,,,,,,225.0,25.0,,,,,,
175706,175706 (1996 FG3),,C,,1.2,,,0.072,,,,,,,,,,,,,,,,,,,80.0,40.0,,,,,,
276049,276049 (2002 CE26),C,,,3.5,,,0.07,,,,,,,,,,,,,,,,,,,102.0,75.0,,,,,,
308635,308635 (2005 YU55),,C,,0.4,,,,,,,,,,,,,,,,,,,,,,550.0,200.0,,,,,,